Year,Country,Total,Continent
1990,Burundi,333110,Africa
1990,Comoros,14079,Africa
1990,Djibouti,122221,Africa
1990,Eritrea,11848,Africa
1990,Ethiopia,1155390,Africa
1990,Kenya,298089,Africa
1990,Madagascar,23917,Africa
1990,Malawi,1127724,Africa
1990,Mauritius,3613,Africa
1990,Mayotte,15229,Africa
1990,Mozambique,122332,Africa
1990,Réunion,57210,Africa
1990,Rwanda,160024,Africa
1990,Seychelles,3721,Africa
1990,Somalia,478294,Africa
1990,South Sudan,..,Africa
1990,Uganda,544273,Africa
1990,United Republic of Tanzania,574025,Africa
1990,Zambia,279463,Africa
1990,Zimbabwe,634621,Africa
1990,Angola,33517,Africa
1990,Cameroon,265967,Africa
1990,Central African Republic,67234,Africa
1990,Chad,74342,Africa
1990,Congo,129391,Africa
1990,Democratic Republic of the Congo,754194,Africa
1990,Equatorial Guinea,2740,Africa
1990,Gabon,128188,Africa
1990,Sao Tome and Principe,5582,Africa
1990,Botswana,27510,Africa
1990,Eswatini,74991,Africa
1990,Lesotho,8240,Africa
1990,Namibia,120641,Africa
1990,South Africa,1163883,Africa
1990,Benin,76751,Africa
1990,Burkina Faso,349652,Africa
1990,Cabo Verde,8931,Africa
1990,Côte d'Ivoire,1816426,Africa
1990,Gambia,118123,Africa
1990,Ghana,164851,Africa
1990,Guinea,403621,Africa
1990,Guinea-Bissau,15368,Africa
1990,Liberia,94964,Africa
1990,Mali,160736,Africa
1990,Mauritania,111650,Africa
1990,Niger,115464,Africa
1990,Nigeria,456621,Africa
1990,Saint Helena,178,Africa
1990,Senegal,270410,Africa
1990,Sierra Leone,222148,Africa
1990,Togo,84844,Africa
1990,Algeria,273954,Africa
1990,Egypt,173833,Africa
1990,Libya,457075,Africa
1990,Morocco,54895,Africa
1990,Sudan,1402896,Africa
1990,Tunisia,37984,Africa
1990,Western Sahara,2688,Africa
1990,Armenia,658789,Asia
1990,Azerbaijan,360600,Asia
1990,Bahrain,173212,Asia
1990,Cyprus,43805,Asia
1990,Georgia,304470,Asia
1990,Iraq,83638,Asia
1990,Israel,1632704,Asia
1990,Jordan,1146349,Asia
1990,Kuwait,1074391,Asia
1990,Lebanon,523693,Asia
1990,Oman,304000,Asia
1990,Qatar,309753,Asia
1990,Saudi Arabia,4998445,Asia
1990,State of Palestine,288332,Asia
1990,Syrian Arab Republic,714140,Asia
1990,Turkey,1163686,Asia
1990,United Arab Emirates,1306574,Asia
1990,Yemen,118863,Asia
1990,Kazakhstan,3619200,Asia
1990,Kyrgyzstan,623083,Asia
1990,Tajikistan,428900,Asia
1990,Turkmenistan,306500,Asia
1990,Uzbekistan,1653000,Asia
1990,Afghanistan,57686,Asia
1990,Bangladesh,881617,Asia
1990,Bhutan,23807,Asia
1990,India,7594801,Asia
1990,Iran (Islamic Republic of),4291601,Asia
1990,Maldives,8689,Asia
1990,Nepal,429974,Asia
1990,Pakistan,6208204,Asia
1990,Sri Lanka,41561,Asia
1990,China,376361,Asia
1990,"China, Hong Kong SAR",2218473,Asia
1990,"China, Macao SAR",205047,Asia
1990,Dem. People's Republic of Korea,34103,Asia
1990,Japan,1075317,Asia
1990,Mongolia,6718,Asia
1990,Republic of Korea,43247,Asia
1990,Brunei Darussalam,73200,Asia
1990,Cambodia,38375,Asia
1990,Indonesia,465612,Asia
1990,Lao People's Democratic Republic,22866,Asia
1990,Malaysia,695920,Asia
1990,Myanmar,133545,Asia
1990,Philippines,154071,Asia
1990,Singapore,727262,Asia
1990,Thailand,528693,Asia
1990,Timor-Leste,8954,Asia
1990,Viet Nam,28118,Asia
1990,Caribbean,1056483,North America 
1990,Anguilla,2570,North America 
1990,Antigua and Barbuda,12029,North America 
1990,Aruba,14444,North America 
1990,Bahamas,26855,North America 
1990,Barbados,24024,North America 
1990,British Virgin Islands,8035,North America 
1990,"Bonaire, Sint Eustatius and Saba",38410,North America 
1990,Cayman Islands,9315,North America 
1990,Cuba,34555,North America 
1990,Curaçao,,North America 
1990,Dominica,2519,North America 
1990,Dominican Republic,291151,North America 
1990,Grenada,4263,North America 
1990,Guadeloupe,65944,North America 
1990,Haiti,19084,North America 
1990,Jamaica,20475,North America 
1990,Martinique,38705,North America 
1990,Montserrat,2013,North America 
1990,Puerto Rico,321909,North America 
1990,Saint Kitts and Nevis,3210,North America 
1990,Saint Lucia,5305,North America 
1990,Saint Vincent and the Grenadines,3970,North America 
1990,Sint Maarten (Dutch part),..,North America 
1990,Trinidad and Tobago,50666,North America 
1990,Turks and Caicos Islands,5062,North America 
1990,United States Virgin Islands,51970,North America 
1990,Belize,30404,North America 
1990,Costa Rica,417628,North America 
1990,El Salvador,47360,North America 
1990,Guatemala,264257,North America 
1990,Honduras,270423,North America 
1990,Mexico,695674,North America 
1990,Nicaragua,41421,North America 
1990,Panama,62744,North America 
1990,Argentina,1649919,South America
1990,Bolivia (Plurinational State of),73758,South America
1990,Brazil,798517,South America
1990,Chile,107501,South America
1990,Colombia,104277,South America
1990,Ecuador,78663,South America
1990,Falkland Islands (Malvinas),855,South America
1990,French Guiana,63612,South America
1990,Guyana,4095,South America
1990,Paraguay,195884,South America
1990,Peru,56688,South America
1990,Suriname,18083,South America
1990,Uruguay,98116,South America
1990,Venezuela (Bolivarian Republic of),1025009,South America
1990,Australia / New Zealand,4473260,Oceania
1990,Australia,3955213,Oceania
1990,New Zealand,518047,Oceania
1990,Melanesia,91200,Oceania
1990,Fiji,13283,Oceania
1990,New Caledonia,37673,Oceania
1990,Papua New Guinea,33710,Oceania
1990,Solomon Islands,4226,Oceania
1990,Vanuatu,2308,Oceania
1990,Micronesia,108969,Oceania
1990,Guam,69755,Oceania
1990,Kiribati,2162,Oceania
1990,Marshall Islands,1158,Oceania
1990,Micronesia (Fed. States of),3685,Oceania
1990,Nauru,2815,Oceania
1990,Northern Mariana Islands,26593,Oceania
1990,Palau,2801,Oceania
1990,Polynesia,58419,Oceania
1990,American Samoa,21283,Oceania
1990,Cook Islands,2587,Oceania
1990,French Polynesia,25830,Oceania
1990,Niue,461,Oceania
1990,Samoa,3357,Oceania
1990,Tokelau,270,Oceania
1990,Tonga,2911,Oceania
1990,Tuvalu,318,Oceania
1990,Wallis and Futuna Islands,1402,Oceania
1990,Belarus,1248977,Europe
1990,Bulgaria,21510,Europe
1990,Czechia,110394,Europe
1990,Hungary,347510,Europe
1990,Poland,1127771,Europe
1990,Republic of Moldova,544162,Europe
1990,Romania,135825,Europe
1990,Russian Federation,11524948,Europe
1990,Slovakia,41295,Europe
1990,Ukraine,6892920,Europe
1990,Channel Islands,61660,Europe
1990,Denmark,235189,Europe
1990,Estonia,381997,Europe
1990,Faroe Islands,4285,Europe
1990,Finland,63255,Europe
1990,Iceland,9584,Europe
1990,Ireland,227961,Europe
1990,Isle of Man,34769,Europe
1990,Latvia,646007,Europe
1990,Lithuania,349258,Europe
1990,Norway,192587,Europe
1990,Sweden,788767,Europe
1990,United Kingdom,3650286,Europe
1990,Albania,66013,Europe
1990,Andorra,38891,Europe
1990,Bosnia and Herzegovina,56000,Europe
1990,Croatia,475438,Europe
1990,Gibraltar,8709,Europe
1990,Greece,618139,Europe
1990,Holy See,768,Europe
1990,Italy,1428219,Europe
1990,Malta,15077,Europe
1990,Montenegro,,Europe
1990,North Macedonia,95142,Europe
1990,Portugal,435782,Europe
1990,San Marino,3310,Europe
1990,Serbia,99269,Europe
1990,Slovenia,178077,Europe
1990,Spain,821605,Europe
1990,Austria,793239,Europe
1990,Belgium,1280583,Europe
1990,France,5897267,Europe
1990,Germany,5936181,Europe
1990,Liechtenstein,10906,Europe
1990,Luxembourg,113795,Europe
1990,Monaco,20359,Europe
1990,Netherlands,1182263,Europe
1990,Switzerland,1392282,Europe
1990,Bermuda,15683,North America 
1990,Canada,4333318,North America 
1990,Greenland,9282,North America 
1990,Saint Pierre and Miquelon,1099,North America 
1990,United States of America,23251026,North America 
1995,Burundi,254853,Africa
1995,Comoros,13939,Africa
1995,Djibouti,99774,Africa
1995,Eritrea,12400,Africa
1995,Ethiopia,806904,Africa
1995,Kenya,618745,Africa
1995,Madagascar,21177,Africa
1995,Malawi,241624,Africa
1995,Mauritius,7493,Africa
1995,Mayotte,26316,Africa
1995,Mozambique,168256,Africa
1995,Réunion,77159,Africa
1995,Rwanda,215735,Africa
1995,Seychelles,5148,Africa
1995,Somalia,19527,Africa
1995,South Sudan,..,Africa
1995,Uganda,606987,Africa
1995,United Republic of Tanzania,1106043,Africa
1995,Zambia,244338,Africa
1995,Zimbabwe,431226,Africa
1995,Angola,39813,Africa
1995,Cameroon,244791,Africa
1995,Central African Republic,99712,Africa
1995,Chad,89584,Africa
1995,Congo,191635,Africa
1995,Democratic Republic of the Congo,1816963,Africa
1995,Equatorial Guinea,3629,Africa
1995,Gabon,171427,Africa
1995,Sao Tome and Principe,4936,Africa
1995,Botswana,40168,Africa
1995,Eswatini,35157,Africa
1995,Lesotho,7204,Africa
1995,Namibia,115372,Africa
1995,South Africa,1003807,Africa
1995,Benin,105703,Africa
1995,Burkina Faso,464104,Africa
1995,Cabo Verde,9979,Africa
1995,Côte d'Ivoire,2076394,Africa
1995,Gambia,150890,Africa
1995,Ghana,252879,Africa
1995,Guinea,774505,Africa
1995,Guinea-Bissau,27961,Africa
1995,Liberia,208563,Africa
1995,Mali,176187,Africa
1995,Mauritania,89562,Africa
1995,Niger,145999,Africa
1995,Nigeria,462999,Africa
1995,Saint Helena,117,Africa
1995,Senegal,287654,Africa
1995,Sierra Leone,98516,Africa
1995,Togo,101583,Africa
1995,Algeria,262032,Africa
1995,Egypt,166955,Africa
1995,Libya,508041,Africa
1995,Morocco,50360,Africa
1995,Sudan,1053396,Africa
1995,Tunisia,37867,Africa
1995,Western Sahara,2989,Africa
1995,Armenia,693999,Asia
1995,Azerbaijan,344070,Asia
1995,Bahrain,205979,Asia
1995,Cyprus,61941,Asia
1995,Georgia,152235,Asia
1995,Iraq,199460,Asia
1995,Israel,1792185,Asia
1995,Jordan,1537097,Asia
1995,Kuwait,921954,Asia
1995,Lebanon,608303,Asia
1995,Oman,539643,Asia
1995,Qatar,361673,Asia
1995,Saudi Arabia,5122702,Asia
1995,State of Palestine,281767,Asia
1995,Syrian Arab Republic,830610,Asia
1995,Turkey,1216173,Asia
1995,United Arab Emirates,1824118,Asia
1995,Yemen,136515,Asia
1995,Kazakhstan,3251968,Asia
1995,Kyrgyzstan,518338,Asia
1995,Tajikistan,348347,Asia
1995,Turkmenistan,273565,Asia
1995,Uzbekistan,1512577,Asia
1995,Afghanistan,71522,Asia
1995,Bangladesh,934735,Asia
1995,Bhutan,27972,Asia
1995,India,6952238,Asia
1995,Iran ,2937668,Asia
1995,Maldives,18510,Asia
1995,Nepal,690225,Asia
1995,Pakistan,3669308,Asia
1995,Sri Lanka,40841,Asia
1995,China,442198,Asia
1995,"China, Hong Kong SAR",2443798,Asia
1995,"China, Macao SAR",224929,Asia
1995,Dem. People's Republic of Korea,35143,Asia
1995,Japan,1362371,Asia
1995,Mongolia,7424,Asia
1995,Republic of Korea,123886,Asia
1995,Brunei Darussalam,84748,Asia
1995,Cambodia,92230,Asia
1995,Indonesia,378960,Asia
1995,Lao People's Democratic Republic,23526,Asia
1995,Malaysia,937368,Asia
1995,Myanmar,113663,Asia
1995,Philippines,207345,Asia
1995,Singapore,991492,Asia
1995,Thailand,809720,Asia
1995,Timor-Leste,9743,Asia
1995,Viet Nam,51262,Asia
1995,Caribbean,1148720,North America 
1995,Anguilla,3317,North America 
1995,Antigua and Barbuda,17550,North America 
1995,Aruba,22274,North America 
1995,Bahamas,31654,North America 
1995,Barbados,26224,North America 
1995,British Virgin Islands,10046,North America 
1995,"Bonaire, Sint Eustatius and Saba",42258,North America 
1995,Cayman Islands,12666,North America 
1995,Cuba,26187,North America 
1995,Curaçao,,North America 
1995,Dominica,3121,North America 
1995,Dominican Republic,323381,North America 
1995,Grenada,5544,North America 
1995,Guadeloupe,74566,North America 
1995,Haiti,18129,North America 
1995,Jamaica,22713,North America 
1995,Martinique,46599,North America 
1995,Montserrat,1612,North America 
1995,Puerto Rico,338067,North America 
1995,Saint Kitts and Nevis,4248,North America 
1995,Saint Lucia,7155,North America 
1995,Saint Vincent and the Grenadines,4135,North America 
1995,Sint Maarten (Dutch part),..,North America 
1995,Trinidad and Tobago,45994,North America 
1995,Turks and Caicos Islands,7039,North America 
1995,United States Virgin Islands,54241,North America 
1995,Belize,33446,North America 
1995,Costa Rica,364287,North America 
1995,El Salvador,39537,North America 
1995,Guatemala,156188,North America 
1995,Honduras,149442,North America 
1995,Mexico,458549,North America 
1995,Nicaragua,26619,North America 
1995,Panama,70848,North America 
1995,Argentina,1595069,South America
1995,Bolivia (Plurinational State of),83598,South America
1995,Brazil,741557,South America
1995,Chile,142417,South America
1995,Colombia,106943,South America
1995,Ecuador,115093,South America
1995,Falkland Islands (Malvinas),868,South America
1995,French Guiana,70131,South America
1995,Guyana,6352,South America
1995,Paraguay,186570,South America
1995,Peru,56732,South America
1995,Suriname,22320,South America
1995,Uruguay,93428,South America
1995,Venezuela (Bolivarian Republic of),1019996,South America
1995,Australia / New Zealand,4741947,Oceania
1995,Australia,4153330,Oceania
1995,New Zealand,588617,Oceania
1995,Melanesia,96828,Oceania
1995,Fiji,13001,Oceania
1995,New Caledonia,43662,Oceania
1995,Papua New Guinea,33526,Oceania
1995,Solomon Islands,4178,Oceania
1995,Vanuatu,2461,Oceania
1995,Micronesia,118687,Oceania
1995,Guam,71912,Oceania
1995,Kiribati,2223,Oceania
1995,Marshall Islands,1480,Oceania
1995,Micronesia (Fed. States of),3342,Oceania
1995,Nauru,2605,Oceania
1995,Northern Mariana Islands,32376,Oceania
1995,Palau,4749,Oceania
1995,Polynesia,64825,Oceania
1995,American Samoa,23098,Oceania
1995,Cook Islands,2686,Oceania
1995,French Polynesia,28360,Oceania
1995,Niue,480,Oceania
1995,Samoa,4694,Oceania
1995,Tokelau,266,Oceania
1995,Tonga,3274,Oceania
1995,Tuvalu,263,Oceania
1995,Wallis and Futuna Islands,1704,Oceania
1995,Belarus,1186282,Europe
1995,Bulgaria,32435,Europe
1995,Czechia,165592,Europe
1995,Hungary,322234,Europe
1995,Poland,964725,Europe
1995,Republic of Moldova,367231,Europe
1995,Romania,135037,Europe
1995,Russian Federation,11928927,Europe
1995,Slovakia,69323,Europe
1995,Ukraine,6172338,Europe
1995,Channel Islands,60519,Europe
1995,Denmark,303108,Europe
1995,Estonia,315755,Europe
1995,Faroe Islands,2900,Europe
1995,Finland,99729,Europe
1995,Iceland,12738,Europe
1995,Ireland,226892,Europe
1995,Isle of Man,36886,Europe
1995,Latvia,538093,Europe
1995,Lithuania,273587,Europe
1995,Norway,233302,Europe
1995,Sweden,936022,Europe
1995,United Kingdom,4155293,Europe
1995,Albania,71354,Europe
1995,Andorra,44206,Europe
1995,Bosnia and Herzegovina,69476,Europe
1995,Croatia,674085,Europe
1995,Gibraltar,8381,Europe
1995,Greece,857850,Europe
1995,Holy See,780,Europe
1995,Italy,1774954,Europe
1995,Malta,17740,Europe
1995,Montenegro,,Europe
1995,North Macedonia,109343,Europe
1995,Portugal,532822,Europe
1995,San Marino,3659,Europe
1995,Serbia,870980,Europe
1995,Slovenia,174419,Europe
1995,Spain,1020067,Europe
1995,Austria,894893,Europe
1995,Belgium,1288003,Europe
1995,France,6087993,Europe
1995,Germany,7464406,Europe
1995,Liechtenstein,13311,Europe
1995,Luxembourg,126106,Europe
1995,Monaco,21060,Europe
1995,Netherlands,1346164,Europe
1995,Switzerland,1478829,Europe
1995,Bermuda,16676,North America 
1995,Canada,4864778,North America 
1995,Greenland,7121,North America 
1995,Saint Pierre and Miquelon,1320,North America 
1995,United States of America,28451053,North America 
2000,Burundi,125628,Africa
2000,Comoros,13799,Africa
2000,Djibouti,100507,Africa
2000,Eritrea,12952,Africa
2000,Ethiopia,611384,Africa
2000,Kenya,707852,Africa
2000,Madagascar,23541,Africa
2000,Malawi,232620,Africa
2000,Mauritius,15543,Africa
2000,Mayotte,45474,Africa
2000,Mozambique,195702,Africa
2000,Réunion,100678,Africa
2000,Rwanda,347076,Africa
2000,Seychelles,6574,Africa
2000,Somalia,20097,Africa
2000,South Sudan,..,Africa
2000,Uganda,584280,Africa
2000,United Republic of Tanzania,949600,Africa
2000,Zambia,343703,Africa
2000,Zimbabwe,410109,Africa
2000,Angola,46108,Africa
2000,Cameroon,227242,Africa
2000,Central African Republic,123529,Africa
2000,Chad,104825,Africa
2000,Congo,305880,Africa
2000,Democratic Republic of the Congo,744387,Africa
2000,Equatorial Guinea,4517,Africa
2000,Gabon,214431,Africa
2000,Sao Tome and Principe,4365,Africa
2000,Botswana,74934,Africa
2000,Eswatini,34084,Africa
2000,Lesotho,6167,Africa
2000,Namibia,135547,Africa
2000,South Africa,1016963,Africa
2000,Benin,134655,Africa
2000,Burkina Faso,520363,Africa
2000,Cabo Verde,11027,Africa
2000,Côte d'Ivoire,2163644,Africa
2000,Gambia,182514,Africa
2000,Ghana,191601,Africa
2000,Guinea,560075,Africa
2000,Guinea-Bissau,20450,Africa
2000,Liberia,151868,Africa
2000,Mali,189475,Africa
2000,Mauritania,57366,Africa
2000,Niger,122260,Africa
2000,Nigeria,487882,Africa
2000,Saint Helena,108,Africa
2000,Senegal,231901,Africa
2000,Sierra Leone,97974,Africa
2000,Togo,137968,Africa
2000,Algeria,250110,Africa
2000,Egypt,184774,Africa
2000,Libya,567436,Africa
2000,Morocco,53034,Africa
2000,Sudan,805086,Africa
2000,Tunisia,36719,Africa
2000,Western Sahara,3289,Africa
2000,Armenia,657900,Asia
2000,Azerbaijan,327540,Asia
2000,Bahrain,239361,Asia
2000,Cyprus,80076,Asia
2000,Georgia,76117,Asia
2000,Iraq,210525,Asia
2000,Israel,1851309,Asia
2000,Jordan,1927845,Asia
2000,Kuwait,1127640,Asia
2000,Lebanon,692913,Asia
2000,Oman,623608,Asia
2000,Qatar,359697,Asia
2000,Saudi Arabia,5263387,Asia
2000,State of Palestine,275202,Asia
2000,Syrian Arab Republic,834916,Asia
2000,Turkey,1280963,Asia
2000,United Arab Emirates,2447010,Asia
2000,Yemen,144940,Asia
2000,Kazakhstan,2874194,Asia
2000,Kyrgyzstan,389824,Asia
2000,Tajikistan,299499,Asia
2000,Turkmenistan,219067,Asia
2000,Uzbekistan,1406498,Asia
2000,Afghanistan,75917,Asia
2000,Bangladesh,987853,Asia
2000,Bhutan,32137,Asia
2000,India,6411331,Asia
2000,Iran (Islamic Republic of),2803805,Asia
2000,Maldives,27092,Asia
2000,Nepal,717900,Asia
2000,Pakistan,4181912,Asia
2000,Sri Lanka,40132,Asia
2000,China,508034,Asia
2000,"China, Hong Kong SAR",2669122,Asia
2000,"China, Macao SAR",240791,Asia
2000,Dem. People's Republic of Korea,36183,Asia
2000,Japan,1686444,Asia
2000,Mongolia,8206,Asia
2000,Republic of Korea,244224,Asia
2000,Brunei Darussalam,96296,Asia
2000,Cambodia,146085,Asia
2000,Indonesia,292307,Asia
2000,Lao People's Democratic Republic,21948,Asia
2000,Malaysia,1463598,Asia
2000,Myanmar,98011,Asia
2000,Philippines,318095,Asia
2000,Singapore,1351691,Asia
2000,Thailand,1257821,Asia
2000,Timor-Leste,10602,Asia
2000,Viet Nam,56754,Asia
2000,Caribbean,1247863,South America
2000,Anguilla,4063,South America
2000,Antigua and Barbuda,23071,South America
2000,Aruba,30104,South America
2000,Bahamas,36454,South America
2000,Barbados,28424,South America
2000,British Virgin Islands,12958,South America
2000,"Bonaire, Sint Eustatius and Saba",46105,South America
2000,Cayman Islands,19176,South America
2000,Cuba,17818,South America
2000,Curaçao,,South America
2000,Dominica,3723,South America
2000,Dominican Republic,355611,South America
2000,Grenada,6825,South America
2000,Guadeloupe,83188,South America
2000,Haiti,17222,South America
2000,Jamaica,24952,South America
2000,Martinique,54492,South America
2000,Montserrat,1211,South America
2000,Puerto Rico,355038,South America
2000,Saint Kitts and Nevis,5871,South America
2000,Saint Lucia,9871,South America
2000,Saint Vincent and the Grenadines,4307,South America
2000,Sint Maarten (Dutch part),..,South America
2000,Trinidad and Tobago,41753,South America
2000,Turks and Caicos Islands,9015,South America
2000,United States Virgin Islands,56611,South America
2000,Belize,36488,South America
2000,Costa Rica,310946,South America
2000,El Salvador,31713,South America
2000,Guatemala,48119,South America
2000,Honduras,28461,South America
2000,Mexico,538051,South America
2000,Nicaragua,30389,South America
2000,Panama,83410,South America
2000,Argentina,1540219,South America
2000,Bolivia (Plurinational State of),92658,South America
2000,Brazil,684596,South America
2000,Chile,177332,South America
2000,Colombia,109609,South America
2000,Ecuador,151523,South America
2000,Falkland Islands (Malvinas),1067,South America
2000,French Guiana,76649,South America
2000,Guyana,8610,South America
2000,Paraguay,176608,South America
2000,Peru,66300,South America
2000,Suriname,27506,South America
2000,Uruguay,88874,South America
2000,Venezuela (Bolivarian Republic of),1013738,South America
2000,Australia,4386250,Oceania
2000,New Zealand,678813,Oceania
2000,Melanesia,95281,Oceania
2000,Fiji,12719,Oceania
2000,New Caledonia,49651,Oceania
2000,Papua New Guinea,26304,Oceania
2000,Solomon Islands,3981,Oceania
2000,Vanuatu,2626,Oceania
2000,Micronesia,130186,Oceania
2000,Guam,74070,Oceania
2000,Kiribati,2283,Oceania
2000,Marshall Islands,1891,Oceania
2000,Micronesia (Fed. States of),3116,Oceania
2000,Nauru,2394,Oceania
2000,Northern Mariana Islands,40122,Oceania
2000,Palau,6310,Oceania
2000,Polynesia,70701,Oceania
2000,American Samoa,24912,Oceania
2000,Cook Islands,2785,Oceania
2000,French Polynesia,30329,Oceania
2000,Niue,498,Oceania
2000,Samoa,5998,Oceania
2000,Tokelau,262,Oceania
2000,Tonga,3684,Oceania
2000,Tuvalu,218,Oceania
2000,Wallis and Futuna Islands,2015,Oceania
2000,Belarus,1123586,Europe
2000,Bulgaria,43360,Europe
2000,Czechia,220789,Europe
2000,Hungary,296957,Europe
2000,Poland,825251,Europe
2000,Republic of Moldova,247828,Europe
2000,Romania,134254,Europe
2000,Russian Federation,11900297,Europe
2000,Slovakia,116376,Europe
2000,Ukraine,5527087,Europe
2000,Channel Islands,64301,Europe
2000,Denmark,371026,Europe
2000,Estonia,249512,Europe
2000,Faroe Islands,3593,Europe
2000,Finland,136203,Europe
2000,Iceland,15892,Europe
2000,Ireland,350552,Europe
2000,Isle of Man,39002,Europe
2000,Latvia,430178,Europe
2000,Lithuania,214311,Europe
2000,Norway,292440,Europe
2000,Sweden,1003798,Europe
2000,United Kingdom,4730165,Europe
2000,Albania,76695,Europe
2000,Andorra,42147,Europe
2000,Bosnia and Herzegovina,82952,Europe
2000,Croatia,585298,Europe
2000,Gibraltar,8054,Europe
2000,Greece,1111665,Europe
2000,Holy See,785,Europe
2000,Italy,2121688,Europe
2000,Malta,21521,Europe
2000,Montenegro,,Europe
2000,North Macedonia,125665,Europe
2000,Portugal,651472,Europe
2000,San Marino,4045,Europe
2000,Serbia,977873,Europe
2000,Slovenia,214508,Europe
2000,Spain,1657285,Europe
2000,Austria,996547,Europe
2000,Belgium,1268368,Europe
2000,France,6278718,Europe
2000,Germany,8992631,Europe
2000,Liechtenstein,15483,Europe
2000,Luxembourg,139750,Europe
2000,Monaco,21787,Europe
2000,Netherlands,1556337,Europe
2000,Switzerland,1570756,Europe
2000,Bermuda,17668,North America 
2000,Canada,5511914,North America 
2000,Greenland,6601,North America 
2000,Saint Pierre and Miquelon,1458,North America 
2000,United States of America,34814053,North America 
2005,Burundi,172874,Africa
2005,Comoros,13209,Africa
2005,Djibouti,92091,Africa
2005,Eritrea,14314,Africa
2005,Ethiopia,514242,Africa
2005,Kenya,773354,Africa
2005,Madagascar,26058,Africa
2005,Malawi,221661,Africa
2005,Mauritius,19647,Africa
2005,Mayotte,63176,Africa
2005,Mozambique,264679,Africa
2005,Réunion,115076,Africa
2005,Rwanda,423187,Africa
2005,Seychelles,8997,Africa
2005,Somalia,20670,Africa
2005,South Sudan,..,Africa
2005,Uganda,593308,Africa
2005,United Republic of Tanzania,771153,Africa
2005,Zambia,252895,Africa
2005,Zimbabwe,402226,Africa
2005,Angola,61329,Africa
2005,Cameroon,265503,Africa
2005,Central African Republic,94449,Africa
2005,Chad,352062,Africa
2005,Congo,318724,Africa
2005,Democratic Republic of the Congo,622869,Africa
2005,Equatorial Guinea,6588,Africa
2005,Gabon,233824,Africa
2005,Sao Tome and Principe,3433,Africa
2005,Botswana,84614,Africa
2005,Eswatini,33392,Africa
2005,Lesotho,6290,Africa
2005,Namibia,107347,Africa
2005,South Africa,1351031,Africa
2005,Benin,221889,Africa
2005,Burkina Faso,597658,Africa
2005,Cabo Verde,12700,Africa
2005,Côte d'Ivoire,2265090,Africa
2005,Gambia,181905,Africa
2005,Ghana,304436,Africa
2005,Guinea,229611,Africa
2005,Guinea-Bissau,20736,Africa
2005,Liberia,87188,Africa
2005,Mali,256797,Africa
2005,Mauritania,58119,Africa
2005,Niger,124461,Africa
2005,Nigeria,969294,Africa
2005,Saint Helena,163,Africa
2005,Senegal,238298,Africa
2005,Sierra Leone,146050,Africa
2005,Togo,203799,Africa
2005,Algeria,197422,Africa
2005,Egypt,285006,Africa
2005,Libya,625212,Africa
2005,Morocco,54379,Africa
2005,Sudan,546419,Africa
2005,Tunisia,35040,Africa
2005,Western Sahara,3891,Africa
2005,Armenia,469119,Asia
2005,Azerbaijan,302220,Asia
2005,Bahrain,404018,Asia
2005,Cyprus,117165,Asia
2005,Georgia,72311,Asia
2005,Iraq,132915,Asia
2005,Israel,1889503,Asia
2005,Jordan,2325414,Asia
2005,Kuwait,1333327,Asia
2005,Lebanon,756784,Asia
2005,Oman,666160,Asia
2005,Qatar,646026,Asia
2005,Saudi Arabia,6501819,Asia
2005,State of Palestine,266617,Asia
2005,Syrian Arab Republic,878308,Asia
2005,Turkey,1319236,Asia
2005,United Arab Emirates,3281115,Asia
2005,Yemen,171871,Asia
2005,Kazakhstan,3103027,Asia
2005,Kyrgyzstan,309399,Asia
2005,Tajikistan,280466,Asia
2005,Turkmenistan,213053,Asia
2005,Uzbekistan,1329932,Asia
2005,Afghanistan,87300,Asia
2005,Bangladesh,1166700,Asia
2005,Bhutan,40279,Asia
2005,India,5923945,Asia
2005,Iran (Islamic Republic of),2568930,Asia
2005,Maldives,45045,Asia
2005,Nepal,679457,Asia
2005,Pakistan,3171132,Asia
2005,Sri Lanka,39526,Asia
2005,China,678947,Asia
2005,"China, Hong Kong SAR",2721235,Asia
2005,"China, Macao SAR",279308,Asia
2005,Dem. People's Republic of Korea,40097,Asia
2005,Japan,2011555,Asia
2005,Mongolia,11477,Asia
2005,Republic of Korea,486065,Asia
2005,Brunei Darussalam,98441,Asia
2005,Cambodia,114031,Asia
2005,Indonesia,289568,Asia
2005,Lao People's Democratic Republic,20371,Asia
2005,Malaysia,1918504,Asia
2005,Myanmar,83025,Asia
2005,Philippines,257468,Asia
2005,Singapore,1710594,Asia
2005,Thailand,2163447,Asia
2005,Timor-Leste,11286,Asia
2005,Viet Nam,51768,Asia
2005,Caribbean,1311361,North America 
2005,Anguilla,4684,North America 
2005,Antigua and Barbuda,24741,North America 
2005,Aruba,32540,North America 
2005,Bahamas,45595,North America 
2005,Barbados,30624,North America 
2005,British Virgin Islands,15016,North America 
2005,"Bonaire, Sint Eustatius and Saba",49105,North America 
2005,Cayman Islands,20679,North America 
2005,Cuba,11935,North America 
2005,Curaçao,,North America 
2005,Dominica,4744,North America 
2005,Dominican Republic,376001,North America 
2005,Grenada,6902,North America 
2005,Guadeloupe,89065,North America 
2005,Haiti,16360,North America 
2005,Jamaica,24314,North America 
2005,Martinique,57034,North America 
2005,Montserrat,1244,North America 
2005,Puerto Rico,352144,North America 
2005,Saint Kitts and Nevis,6682,North America 
2005,Saint Lucia,9842,North America 
2005,Saint Vincent and the Grenadines,4436,North America 
2005,Sint Maarten (Dutch part),13100,North America 
2005,Trinidad and Tobago,44812,North America 
2005,Turks and Caicos Islands,13115,North America 
2005,United States Virgin Islands,56647,North America 
2005,Belize,41424,North America 
2005,Costa Rica,358175,North America 
2005,El Salvador,36019,North America 
2005,Guatemala,57252,North America 
2005,Honduras,27875,North America 
2005,Mexico,712487,North America 
2005,Nicaragua,34918,North America 
2005,Panama,117563,North America 
2005,Argentina,1673088,South America
2005,Bolivia (Plurinational State of),107745,South America
2005,Brazil,638582,South America
2005,Chile,276360,South America
2005,Colombia,107612,South America
2005,Ecuador,187404,South America
2005,Falkland Islands (Malvinas),1166,South America
2005,French Guiana,86468,South America
2005,Guyana,10868,South America
2005,Paraguay,168243,South America
2005,Peru,77877,South America
2005,Suriname,33664,South America
2005,Uruguay,82317,South America
2005,Venezuela (Bolivarian Republic of),1076474,South America
2005,Australia,4878030,Oceania
2005,New Zealand,839952,Oceania
2005,Melanesia,104017,Oceania
2005,Fiji,12435,Oceania
2005,New Caledonia,55405,Oceania
2005,Papua New Guinea,30106,Oceania
2005,Solomon Islands,3271,Oceania
2005,Vanuatu,2800,Oceania
2005,Micronesia,128390,Oceania
2005,Guam,74743,Oceania
2005,Kiribati,2487,Oceania
2005,Marshall Islands,2417,Oceania
2005,Micronesia (Fed. States of),2905,Oceania
2005,Nauru,2253,Oceania
2005,Northern Mariana Islands,37542,Oceania
2005,Palau,6043,Oceania
2005,Polynesia,73023,Oceania
2005,American Samoa,24233,Oceania
2005,Cook Islands,3277,Oceania
2005,French Polynesia,32286,Oceania
2005,Niue,522,Oceania
2005,Samoa,5746,Oceania
2005,Tokelau,258,Oceania
2005,Tonga,4301,Oceania
2005,Tuvalu,209,Oceania
2005,Wallis and Futuna Islands,2191,Oceania
2005,Belarus,1106982,Europe
2005,Bulgaria,61074,Europe
2005,Czechia,322540,Europe
2005,Hungary,366787,Europe
2005,Poland,722509,Europe
2005,Republic of Moldova,171122,Europe
2005,Romania,145162,Europe
2005,Russian Federation,11667588,Europe
2005,Slovakia,130491,Europe
2005,Ukraine,5050302,Europe
2005,Channel Islands,70941,Europe
2005,Denmark,440383,Europe
2005,Estonia,233701,Europe
2005,Faroe Islands,4583,Europe
2005,Finland,192169,Europe
2005,Iceland,25492,Europe
2005,Ireland,589046,Europe
2005,Isle of Man,41475,Europe
2005,Latvia,376725,Europe
2005,Lithuania,201209,Europe
2005,Norway,361144,Europe
2005,Sweden,1125790,Europe
2005,United Kingdom,5926156,Europe
2005,Albania,64739,Europe
2005,Andorra,50298,Europe
2005,Bosnia and Herzegovina,47272,Europe
2005,Croatia,579273,Europe
2005,Gibraltar,9211,Europe
2005,Greece,1190707,Europe
2005,Holy See,798,Europe
2005,Italy,3954790,Europe
2005,Malta,24560,Europe
2005,Montenegro,,Europe
2005,North Macedonia,127667,Europe
2005,Portugal,771184,Europe
2005,San Marino,4218,Europe
2005,Serbia,854848,Europe
2005,Slovenia,217218,Europe
2005,Spain,4107226,Europe
2005,Austria,1136270,Europe
2005,Belgium,1248733,Europe
2005,France,6737600,Europe
2005,Germany,9402447,Europe
2005,Liechtenstein,18898,Europe
2005,Luxembourg,150618,Europe
2005,Monaco,21312,Europe
2005,Netherlands,1736127,Europe
2005,Switzerland,1805437,Europe
2005,Bermuda,18276,North America 
2005,Canada,6078985,North America 
2005,Greenland,6556,North America 
2005,Saint Pierre and Miquelon,1147,North America 
2005,United States of America,39258293,North America 
2010,Burundi,235259,Africa
2010,Comoros,12618,Africa
2010,Djibouti,101575,Africa
2010,Eritrea,15676,Africa
2010,Ethiopia,568748,Africa
2010,Kenya,954925,Africa
2010,Madagascar,28905,Africa
2010,Malawi,217722,Africa
2010,Mauritius,24836,Africa
2010,Mayotte,72757,Africa
2010,Mozambique,306471,Africa
2010,Réunion,123029,Africa
2010,Rwanda,426901,Africa
2010,Seychelles,11420,Africa
2010,Somalia,48106,Africa
2010,South Sudan,257905,Africa
2010,Uganda,492930,Africa
2010,United Republic of Tanzania,309847,Africa
2010,Zambia,149962,Africa
2010,Zimbabwe,398307,Africa
2010,Angola,332126,Africa
2010,Cameroon,291474,Africa
2010,Central African Republic,93466,Africa
2010,Chad,416924,Africa
2010,Congo,425173,Africa
2010,Democratic Republic of the Congo,588950,Africa
2010,Equatorial Guinea,8658,Africa
2010,Gabon,270829,Africa
2010,Sao Tome and Principe,2700,Africa
2010,Botswana,94614,Africa
2010,Eswatini,32637,Africa
2010,Lesotho,6414,Africa
2010,Namibia,103826,Africa
2010,South Africa,2114801,Africa
2010,Benin,309124,Africa
2010,Burkina Faso,674438,Africa
2010,Cabo Verde,14373,Africa
2010,Côte d'Ivoire,2366537,Africa
2010,Gambia,185763,Africa
2010,Ghana,337017,Africa
2010,Guinea,177998,Africa
2010,Guinea-Bissau,21061,Africa
2010,Liberia,99129,Africa
2010,Mali,339375,Africa
2010,Mauritania,84679,Africa
2010,Niger,126464,Africa
2010,Nigeria,988679,Africa
2010,Saint Helena,248,Africa
2010,Senegal,256092,Africa
2010,Sierra Leone,79055,Africa
2010,Togo,255413,Africa
2010,Algeria,216964,Africa
2010,Egypt,310017,Africa
2010,Libya,683998,Africa
2010,Morocco,70909,Africa
2010,Sudan,618709,Africa
2010,Tunisia,43172,Africa
2010,Western Sahara,4493,Africa
2010,Armenia,211147,Asia
2010,Azerbaijan,276901,Asia
2010,Bahrain,657856,Asia
2010,Cyprus,191866,Asia
2010,Georgia,73034,Asia
2010,Iraq,117389,Asia
2010,Israel,1950615,Asia
2010,Jordan,2722983,Asia
2010,Kuwait,1871537,Asia
2010,Lebanon,820655,Asia
2010,Oman,816221,Asia
2010,Qatar,1456413,Asia
2010,Saudi Arabia,8429956,Asia
2010,State of Palestine,258032,Asia
2010,Syrian Arab Republic,1787561,Asia
2010,Turkey,1367034,Asia
2010,United Arab Emirates,7316697,Asia
2010,Yemen,288394,Asia
2010,Kazakhstan,3334937,Asia
2010,Kyrgyzstan,232065,Asia
2010,Tajikistan,279808,Asia
2010,Turkmenistan,197979,Asia
2010,Uzbekistan,1220149,Asia
2010,Afghanistan,102246,Asia
2010,Bangladesh,1345546,Asia
2010,Bhutan,48420,Asia
2010,India,5439758,Asia
2010,Iran (Islamic Republic of),2761561,Asia
2010,Maldives,54659,Asia
2010,Nepal,578657,Asia
2010,Pakistan,3941586,Asia
2010,Sri Lanka,38959,Asia
2010,China,849861,Asia
2010,"China, Hong Kong SAR",2779950,Asia
2010,"China, Macao SAR",318506,Asia
2010,Dem. People's Republic of Korea,44010,Asia
2010,Japan,2134151,Asia
2010,Mongolia,16062,Asia
2010,Republic of Korea,919987,Asia
2010,Brunei Darussalam,100587,Asia
2010,Cambodia,81977,Asia
2010,Indonesia,305416,Asia
2010,Lao People's Democratic Republic,32955,Asia
2010,Malaysia,2417395,Asia
2010,Myanmar,76414,Asia
2010,Philippines,208599,Asia
2010,Singapore,2164794,Asia
2010,Thailand,3224131,Asia
2010,Timor-Leste,11540,Asia
2010,Viet Nam,61756,Asia
2010,Caribbean,1326879,North America 
2010,Anguilla,5103,North America 
2010,Antigua and Barbuda,26412,North America 
2010,Aruba,34327,North America 
2010,Bahamas,54736,North America 
2010,Barbados,32825,North America 
2010,British Virgin Islands,17074,North America 
2010,"Bonaire, Sint Eustatius and Saba",11445,North America 
2010,Cayman Islands,24057,North America 
2010,Cuba,6640,North America 
2010,Curaçao,34627,North America 
2010,Dominica,8110,North America 
2010,Dominican Republic,393720,North America 
2010,Grenada,6980,North America 
2010,Guadeloupe,94942,North America 
2010,Haiti,17178,North America 
2010,Jamaica,23677,North America 
2010,Martinique,59575,North America 
2010,Montserrat,1291,North America 
2010,Puerto Rico,304969,North America 
2010,Saint Kitts and Nevis,7245,North America 
2010,Saint Lucia,9051,North America 
2010,Saint Vincent and the Grenadines,4569,North America 
2010,Sint Maarten (Dutch part),26200,North America 
2010,Trinidad and Tobago,48226,North America 
2010,Turks and Caicos Islands,17216,North America 
2010,United States Virgin Islands,56684,North America 
2010,Belize,46360,North America 
2010,Costa Rica,405404,North America 
2010,El Salvador,40324,North America 
2010,Guatemala,66384,North America 
2010,Honduras,27288,North America 
2010,Mexico,969538,North America 
2010,Nicaragua,37333,North America 
2010,Panama,157309,North America 
2010,Argentina,1805957,South America
2010,Bolivia (Plurinational State of),122846,South America
2010,Brazil,592568,South America
2010,Chile,375388,South America
2010,Colombia,124271,South America
2010,Ecuador,325366,South America
2010,Falkland Islands (Malvinas),1436,South America
2010,French Guiana,96288,South America
2010,Guyana,13126,South America
2010,Paraguay,160299,South America
2010,Peru,104706,South America
2010,Suriname,39713,South America
2010,Uruguay,76303,South America
2010,Venezuela (Bolivarian Republic of),1347347,South America
2010,Australia,5882980,Oceania
2010,New Zealand,947443,Oceania
2010,Melanesia,110685,Oceania
2010,Fiji,13351,Oceania
2010,New Caledonia,61158,Oceania
2010,Papua New Guinea,30425,Oceania
2010,Solomon Islands,2760,Oceania
2010,Vanuatu,2991,Oceania
2010,Micronesia,115020,Oceania
2010,Guam,75416,Oceania
2010,Kiribati,2868,Oceania
2010,Marshall Islands,3089,Oceania
2010,Micronesia (Fed. States of),2806,Oceania
2010,Nauru,1183,Oceania
2010,Northern Mariana Islands,24168,Oceania
2010,Palau,5490,Oceania
2010,Polynesia,71552,Oceania
2010,American Samoa,23555,Oceania
2010,Cook Islands,3769,Oceania
2010,French Polynesia,31640,Oceania
2010,Niue,589,Oceania
2010,Samoa,5122,Oceania
2010,Tokelau,429,Oceania
2010,Tonga,4604,Oceania
2010,Tuvalu,220,Oceania
2010,Wallis and Futuna Islands,1624,Oceania
2010,Belarus,1090378,Europe
2010,Bulgaria,76287,Europe
2010,Czechia,398493,Europe
2010,Hungary,436616,Europe
2010,Poland,642417,Europe
2010,Republic of Moldova,129488,Europe
2010,Romania,177211,Europe
2010,Russian Federation,11194710,Europe
2010,Slovakia,146319,Europe
2010,Ukraine,4818767,Europe
2010,Channel Islands,77581,Europe
2010,Denmark,500772,Europe
2010,Estonia,217890,Europe
2010,Faroe Islands,5096,Europe
2010,Finland,228481,Europe
2010,Iceland,35091,Europe
2010,Ireland,730542,Europe
2010,Isle of Man,43447,Europe
2010,Latvia,313786,Europe
2010,Lithuania,160772,Europe
2010,Norway,526799,Europe
2010,Sweden,1384929,Europe
2010,United Kingdom,7119664,Europe
2010,Albania,52784,Europe
2010,Andorra,52053,Europe
2010,Bosnia and Herzegovina,38792,Europe
2010,Croatia,573248,Europe
2010,Gibraltar,10369,Europe
2010,Greece,1321149,Europe
2010,Holy See,794,Europe
2010,Italy,5787893,Europe
2010,Malta,33008,Europe
2010,Montenegro,78512,Europe
2010,North Macedonia,129701,Europe
2010,Portugal,762825,Europe
2010,San Marino,4880,Europe
2010,Serbia,826275,Europe
2010,Slovenia,253786,Europe
2010,Spain,6280065,Europe
2010,Austria,1275992,Europe
2010,Belgium,1503806,Europe
2010,France,7309986,Europe
2010,Germany,9812263,Europe
2010,Liechtenstein,22342,Europe
2010,Luxembourg,163142,Europe
2010,Monaco,21132,Europe
2010,Netherlands,1832510,Europe
2010,Switzerland,2075182,Europe
2010,Bermuda,18884,North America 
2010,Canada,6761226,North America 
2010,Greenland,6091,North America 
2010,Saint Pierre and Miquelon,1017,North America 
2010,United States of America,44183643,North America 
2015,Burundi,289810,Africa
2015,Comoros,12555,Africa
2015,Djibouti,112351,Africa
2015,Eritrea,15941,Africa
2015,Ethiopia,1161642,Africa
2015,Kenya,1126886,Africa
2015,Madagascar,32075,Africa
2015,Malawi,232803,Africa
2015,Mauritius,28585,Africa
2015,Mayotte,73992,Africa
2015,Mozambique,321794,Africa
2015,Réunion,127209,Africa
2015,Rwanda,514647,Africa
2015,Seychelles,12791,Africa
2015,Somalia,40990,Africa
2015,South Sudan,844122,Africa
2015,Uganda,851175,Africa
2015,United Republic of Tanzania,384567,Africa
2015,Zambia,132107,Africa
2015,Zimbabwe,400482,Africa
2015,Angola,632178,Africa
2015,Cameroon,508346,Africa
2015,Central African Republic,81598,Africa
2015,Chad,466968,Africa
2015,Congo,390142,Africa
2015,Democratic Republic of the Congo,824492,Africa
2015,Equatorial Guinea,209611,Africa
2015,Gabon,378686,Africa
2015,Sao Tome and Principe,2394,Africa
2015,Botswana,103268,Africa
2015,Eswatini,32352,Africa
2015,Lesotho,6572,Africa
2015,Namibia,101618,Africa
2015,South Africa,3816695,Africa
2015,Benin,366284,Africa
2015,Burkina Faso,704676,Africa
2015,Cabo Verde,14924,Africa
2015,Côte d'Ivoire,2467984,Africa
2015,Gambia,192540,Africa
2015,Ghana,414744,Africa
2015,Guinea,126386,Africa
2015,Guinea-Bissau,22333,Africa
2015,Liberia,113779,Africa
2015,Mali,420504,Africa
2015,Mauritania,166552,Africa
2015,Niger,252998,Africa
2015,Nigeria,1199115,Africa
2015,Saint Helena,377,Africa
2015,Senegal,266496,Africa
2015,Sierra Leone,58813,Africa
2015,Togo,277384,Africa
2015,Algeria,239473,Africa
2015,Egypt,353641,Africa
2015,Libya,771146,Africa
2015,Morocco,92424,Africa
2015,Sudan,620523,Africa
2015,Tunisia,56532,Africa
2015,Western Sahara,5179,Africa
2015,Armenia,191199,Asia
2015,Azerbaijan,264241,Asia
2015,Bahrain,704137,Asia
2015,Cyprus,192020,Asia
2015,Georgia,76685,Asia
2015,Iraq,359381,Asia
2015,Israel,2011727,Asia
2015,Jordan,3112026,Asia
2015,Kuwait,2866136,Asia
2015,Lebanon,1973204,Asia
2015,Oman,1856226,Asia
2015,Qatar,1687640,Asia
2015,Saudi Arabia,10771366,Asia
2015,State of Palestine,255507,Asia
2015,Syrian Arab Republic,871174,Asia
2015,Turkey,4346197,Asia
2015,United Arab Emirates,7995126,Asia
2015,Yemen,379882,Asia
2015,Kazakhstan,3546060,Asia
2015,Kyrgyzstan,204382,Asia
2015,Tajikistan,275101,Asia
2015,Turkmenistan,196376,Asia
2015,Uzbekistan,1170873,Asia
2015,Afghanistan,489749,Asia
2015,Bangladesh,1422805,Asia
2015,Bhutan,51106,Asia
2015,India,5240960,Asia
2015,Iran ,2726420,Asia
2015,Maldives,64273,Asia
2015,Nepal,509471,Asia
2015,Pakistan,3506520,Asia
2015,Sri Lanka,39706,Asia
2015,China,978046,Asia
2015,"China, Hong Kong SAR",2838665,Asia
2015,"China, Macao SAR",376066,Asia
2015,Dem. People's Republic of Korea,48458,Asia
2015,Japan,2232189,Asia
2015,Mongolia,19886,Asia
2015,Republic of Korea,1143087,Asia
2015,Brunei Darussalam,102733,Asia
2015,Cambodia,73963,Asia
2015,Indonesia,338124,Asia
2015,Lao People's Democratic Republic,45538,Asia
2015,Malaysia,3280681,Asia
2015,Myanmar,73309,Asia
2015,Philippines,211862,Asia
2015,Singapore,2543638,Asia
2015,Thailand,3486526,Asia
2015,Timor-Leste,8520,Asia
2015,Viet Nam,72793,Asia
2015,Caribbean,1489916,North America 
2015,Anguilla,5470,North America 
2015,Antigua and Barbuda,28083,North America 
2015,Aruba,36114,North America 
2015,Bahamas,59306,North America 
2015,Barbados,34475,North America 
2015,British Virgin Islands,19132,North America 
2015,"Bonaire, Sint Eustatius and Saba",13002,North America 
2015,Cayman Islands,26177,North America 
2015,Cuba,5312,North America 
2015,Curaçao,37611,North America 
2015,Dominica,8093,North America 
2015,Dominican Republic,549289,North America 
2015,Grenada,7057,North America 
2015,Guadeloupe,98507,North America 
2015,Haiti,18036,North America 
2015,Jamaica,23167,North America 
2015,Martinique,61731,North America 
2015,Montserrat,1351,North America 
2015,Puerto Rico,280494,North America 
2015,Saint Kitts and Nevis,7443,North America 
2015,Saint Lucia,8673,North America 
2015,Saint Vincent and the Grenadines,4637,North America 
2015,Sint Maarten (Dutch part),27295,North America 
2015,Trinidad and Tobago,50021,North America 
2015,Turks and Caicos Islands,22719,North America 
2015,United States Virgin Islands,56721,North America 
2015,Belize,54674,North America 
2015,Costa Rica,411697,North America 
2015,El Salvador,42045,North America 
2015,Guatemala,78352,North America 
2015,Honduras,38317,North America 
2015,Mexico,1028803,North America 
2015,Nicaragua,40262,North America 
2015,Panama,184710,North America 
2015,South America,6072903,North America 
2015,Argentina,2086302,South America
2015,Bolivia ,142989,South America
2015,Brazil,716568,South America
2015,Chile,639724,South America
2015,Colombia,139134,South America
2015,Ecuador,387513,South America
2015,Falkland Islands (Malvinas),1571,South America
2015,French Guiana,106108,South America
2015,Guyana,15384,South America
2015,Paraguay,156462,South America
2015,Peru,154774,South America
2015,Suriname,43127,South America
2015,Uruguay,78799,South America
2015,Venezuela (Bolivarian Republic of),1404448,South America
2015,Australia,6729730,Oceania
2015,New Zealand,1039736,Oceania
2015,Melanesia,119344,Oceania
2015,Fiji,13751,Oceania
2015,New Caledonia,68881,Oceania
2015,Papua New Guinea,30940,Oceania
2015,Solomon Islands,2585,Oceania
2015,Vanuatu,3187,Oceania
2015,Micronesia,113523,Oceania
2015,Guam,76089,Oceania
2015,Kiribati,2919,Oceania
2015,Marshall Islands,3284,Oceania
2015,Micronesia (Fed. States of),2756,Oceania
2015,Nauru,1890,Oceania
2015,Northern Mariana Islands,21648,Oceania
2015,Palau,4937,Oceania
2015,Polynesia,67611,Oceania
2015,American Samoa,23513,Oceania
2015,Cook Islands,3477,Oceania
2015,French Polynesia,30058,Oceania
2015,Niue,588,Oceania
2015,Samoa,4252,Oceania
2015,Tokelau,487,Oceania
2015,Tonga,3954,Oceania
2015,Tuvalu,230,Oceania
2015,Wallis and Futuna Islands,1052,Oceania
2015,Belarus,1082905,Europe
2015,Bulgaria,123803,Europe
2015,Czechia,416454,Europe
2015,Hungary,475508,Europe
2015,Poland,619403,Europe
2015,Republic of Moldova,106374,Europe
2015,Romania,281048,Europe
2015,Russian Federation,11643276,Europe
2015,Slovakia,177624,Europe
2015,Ukraine,4915142,Europe
2015,Channel Islands,82307,Europe
2015,Denmark,595876,Europe
2015,Estonia,194664,Europe
2015,Faroe Islands,5485,Europe
2015,Finland,314856,Europe
2015,Iceland,39072,Europe
2015,Ireland,759256,Europe
2015,Isle of Man,42238,Europe
2015,Latvia,265418,Europe
2015,Lithuania,136021,Europe
2015,Norway,746375,Europe
2015,Sweden,1676264,Europe
2015,United Kingdom,8411569,Europe
2015,Albania,52031,Europe
2015,Andorra,42264,Europe
2015,Bosnia and Herzegovina,38574,Europe
2015,Croatia,561093,Europe
2015,Gibraltar,11065,Europe
2015,Greece,1242924,Europe
2015,Holy See,803,Europe
2015,Italy,5805328,Europe
2015,Malta,52642,Europe
2015,Montenegro,71719,Europe
2015,North Macedonia,130730,Europe
2015,Portugal,864814,Europe
2015,San Marino,5195,Europe
2015,Serbia,807441,Europe
2015,Slovenia,237616,Europe
2015,Spain,5891208,Europe
2015,Austria,1492374,Europe
2015,Belgium,1783488,Europe
2015,France,7874172,Europe
2015,Germany,10220418,Europe
2015,Liechtenstein,23799,Europe
2015,Luxembourg,248888,Europe
2015,Monaco,25983,Europe
2015,Netherlands,1996318,Europe
2015,Switzerland,2416394,Europe
2015,Bermuda,19126,North America 
2015,Canada,7428657,North America 
2015,Greenland,5797,North America 
2015,Saint Pierre and Miquelon,986,North America 
2015,United States of America,48178877,North America 
2019,Burundi,321018,Africa
2019,Comoros,12504,Africa
2019,Djibouti,115341,Africa
2019,Eritrea,16101,Africa
2019,Ethiopia,1253083,Africa
2019,Kenya,1044854,Africa
2019,Madagascar,34934,Africa
2019,Malawi,247652,Africa
2019,Mauritius,28849,Africa
2019,Mayotte,74643,Africa
2019,Mozambique,334665,Africa
2019,Réunion,129153,Africa
2019,Rwanda,539932,Africa
2019,Seychelles,12926,Africa
2019,Somalia,52131,Africa
2019,South Sudan,865552,Africa
2019,Uganda,1734166,Africa
2019, Tanzania,509166,Africa
2019,Zambia,170249,Africa
2019,Zimbabwe,411257,Africa
2019,Angola,669479,Africa
2019,Cameroon,505692,Africa
2019,Central African Republic,90649,Africa
2019,Chad,512230,Africa
2019,Congo,402142,Africa
2019,Democratic Republic of the Congo,963833,Africa
2019,Equatorial Guinea,227617,Africa
2019,Gabon,411463,Africa
2019,Sao Tome and Principe,2174,Africa
2019,Botswana,110596,Africa
2019,Eswatini,32310,Africa
2019,Lesotho,6928,Africa
2019,Namibia,107561,Africa
2019,South Africa,4224256,Africa
2019,Benin,390112,Africa
2019,Burkina Faso,718338,Africa
2019,Cabo Verde,15664,Africa
2019,Côte d'Ivoire,2549141,Africa
2019,Gambia,215406,Africa
2019,Ghana,466780,Africa
2019,Guinea,120642,Africa
2019,Guinea-Bissau,26916,Africa
2019,Liberia,94448,Africa
2019,Mali,468230,Africa
2019,Mauritania,172987,Africa
2019,Niger,294161,Africa
2019,Nigeria,1256408,Africa
2019,Saint Helena,433,Africa
2019,Senegal,275239,Africa
2019,Sierra Leone,54332,Africa
2019,Togo,279142,Africa
2019,Algeria,249075,Africa
2019,Egypt,504053,Africa
2019,Libya,818216,Africa
2019,Morocco,98574,Africa
2019,Sudan,1223092,Africa
2019,Tunisia,57455,Africa
2019,Western Sahara,5384,Africa
2019,Armenia,190159,Asia
2019,Azerbaijan,253887,Asia
2019,Bahrain,741161,Asia
2019,Cyprus,191922,Asia
2019,Georgia,79035,Asia
2019,Iraq,368062,Asia
2019,Israel,1956346,Asia
2019,Jordan,3346703,Asia
2019,Kuwait,3034845,Asia
2019,Lebanon,1863873,Asia
2019,Oman,2286226,Asia
2019,Qatar,2229688,Asia
2019,Saudi Arabia,13122338,Asia
2019,State of Palestine,253735,Asia
2019,Syrian Arab Republic,867848,Asia
2019,Turkey,5876829,Asia
2019,United Arab Emirates,8587256,Asia
2019,Yemen,385628,Asia
2019,Kazakhstan,3705556,Asia
2019,Kyrgyzstan,200260,Asia
2019,Tajikistan,274071,Asia
2019,Turkmenistan,195127,Asia
2019,Uzbekistan,1168384,Asia
2019,Afghanistan,149762,Asia
2019,Bangladesh,2185613,Asia
2019,Bhutan,53254,Asia
2019,India,5154737,Asia
2019,Iran ,2682214,Asia
2019,Maldives,69249,Asia
2019,Nepal,490802,Asia
2019,Pakistan,3257978,Asia
2019,Sri Lanka,40018,Asia
2019,China,1030871,Asia
2019,"China, Hong Kong SAR",2942254,Asia
2019,"China, Macao SAR",399572,Asia
2019,Dem. People's Republic of Korea,49393,Asia
2019,Japan,2498891,Asia
2019,Mongolia,21128,Asia
2019,Republic of Korea,1163655,Asia
2019,Brunei Darussalam,110641,Asia
2019,Cambodia,78649,Asia
2019,Indonesia,353135,Asia
2019,Lao People's Democratic Republic,48275,Asia
2019,Malaysia,3430380,Asia
2019,Myanmar,75998,Asia
2019,Philippines,218530,Asia
2019,Singapore,2155653,Asia
2019,Thailand,3635085,Asia
2019,Timor-Leste,8417,Asia
2019,Viet Nam,76104,Asia
2019,Anguilla,5679,North America 
2019,Antigua and Barbuda,29207,North America 
2019,Aruba,36532,North America 
2019,Bahamas,62962,North America 
2019,Barbados,34807,North America 
2019,British Virgin Islands,20778,North America 
2019,"Bonaire, Sint Eustatius and Saba",15484,North America 
2019,Cayman Islands,28985,North America 
2019,Cuba,4886,North America 
2019,Curaçao,40883,North America 
2019,Dominica,8264,North America 
2019,Dominican Republic,567648,North America 
2019,Grenada,7124,North America 
2019,Guadeloupe,100030,North America 
2019,Haiti,18756,North America 
2019,Jamaica,23468,North America 
2019,Martinique,61647,North America 
2019,Montserrat,1375,North America 
2019,Puerto Rico,266828,North America 
2019,Saint Kitts and Nevis,7587,North America 
2019,Saint Lucia,8383,North America 
2019,Saint Vincent and the Grenadines,4692,North America 
2019,Sint Maarten (Dutch part),28260,North America 
2019,Trinidad and Tobago,59249,North America 
2019,Turks and Caicos Islands,24534,North America 
2019,United States Virgin Islands,56745,North America 
2019,Belize,59998,North America 
2019,Costa Rica,417768,North America 
2019,El Salvador,42617,North America 
2019,Guatemala,80421,North America 
2019,Honduras,38933,North America 
2019,Mexico,1060707,North America 
2019,Nicaragua,42172,North America 
2019,Panama,185072,North America 
2019,Argentina,2212879,South America
2019,Bolivia ,156114,South America
2019,Brazil,807006,South America
2019,Chile,939992,South America
2019,Colombia,1142319,South America
2019,Ecuador,381507,South America
2019,Falkland Islands (Malvinas),1902,South America
2019,French Guiana,117372,South America
2019,Guyana,15699,South America
2019,Paraguay,160519,South America
2019,Peru,782169,South America
2019,Suriname,46157,South America
2019,Uruguay,81482,South America
2019,Venezuela ,1375690,South America
2019,Australia,7549270,Oceania
2019,New Zealand,1068739,Oceania
2019,Melanesia,123564,Oceania
2019,Fiji,14038,Oceania
2019,New Caledonia,72537,Oceania
2019,Papua New Guinea,31212,Oceania
2019,Solomon Islands,2532,Oceania
2019,Vanuatu,3245,Oceania
2019,Micronesia,117978,Oceania
2019,Guam,79846,Oceania
2019,Kiribati,3022,Oceania
2019,Marshall Islands,3296,Oceania
2019,Micronesia (Fed. States of),2819,Oceania
2019,Nauru,2114,Oceania
2019,Northern Mariana Islands,21815,Oceania
2019,Palau,5066,Oceania
2019,Polynesia,68374,Oceania
2019,American Samoa,23539,Oceania
2019,Cook Islands,3491,Oceania
2019,French Polynesia,31205,Oceania
2019,Niue,588,Oceania
2019,Samoa,4035,Oceania
2019,Tokelau,504,Oceania
2019,Tonga,3752,Oceania
2019,Tuvalu,238,Oceania
2019,Wallis and Futuna Islands,1022,Oceania
2019,Belarus,1069395,Europe
2019,Bulgaria,168516,Europe
2019,Czechia,512705,Europe
2019,Hungary,512043,Europe
2019,Poland,655985,Europe
2019,Republic of Moldova,104713,Europe
2019,Romania,462552,Europe
2019,Russian Federation,11640559,Europe
2019,Slovakia,187984,Europe
2019,Ukraine,4964293,Europe
2019,Channel Islands,83833,Europe
2019,Denmark,722878,Europe
2019,Estonia,190242,Europe
2019,Faroe Islands,6454,Europe
2019,Finland,383116,Europe
2019,Iceland,52404,Europe
2019,Ireland,833564,Europe
2019,Isle of Man,42864,Europe
2019,Latvia,237266,Europe
2019,Lithuania,117218,Europe
2019,Norway,867765,Europe
2019,Sweden,2005210,Europe
2019,United Kingdom,9552110,Europe
2019,Albania,49160,Europe
2019,Andorra,45102,Europe
2019,Bosnia and Herzegovina,35735,Europe
2019,Croatia,518083,Europe
2019,Gibraltar,11172,Europe
2019,Greece,1211382,Europe
2019,Holy See,799,Europe
2019,Italy,6273722,Europe
2019,Malta,84949,Europe
2019,Montenegro,70967,Europe
2019,North Macedonia,131175,Europe
2019,Portugal,888162,Europe
2019,San Marino,5507,Europe
2019,Serbia,820312,Europe
2019,Slovenia,253122,Europe
2019,Spain,6104203,Europe
2019,Austria,1779857,Europe
2019,Belgium,1981919,Europe
2019,France,8334875,Europe
2019,Germany,13132146,Europe
2019,Liechtenstein,25467,Europe
2019,Luxembourg,291723,Europe
2019,Monaco,26511,Europe
2019,Netherlands,2282791,Europe
2019,Switzerland,2572029,Europe
2019,Bermuda,19336,North America 
2019,Canada,7960657,North America 
2019,Greenland,5690,North America 
2019,Saint Pierre and Miquelon,990,North America 
2019,United States of America,50661149,North America 