Year,Country,Total,Continent,Latitude,Longitude
1990,Burundi,333110,Africa,-3.333,29.749
1990,Comoros,14079,Africa,-11.6527,43.3307
1990,Djibouti,122221,Africa,11.41,42.165
1990,Eritrea,11848,Africa,15.982,38.02
1990,Ethiopia,1155390,Africa,8.435,38.786
1990,Kenya,298089,Africa,0.806,38.166
1990,Madagascar,23917,Africa,-19.615,46.645
1990,Malawi,1127724,Africa,-13.2731,33.7428
1990,Mauritius,3613,Africa,-20.2529,57.5902
1990,Mayotte,15229,Africa,-12.8252,45.1494
1990,Mozambique,122332,Africa,-13.852,38.042
1990,Réunion,57210,Africa,-21.1313,55.537
1990,Rwanda,160024,Africa,-1.887,29.904
1990,Seychelles,3721,Africa,-4.6841,55.4924
1990,Somalia,478294,Africa,2.875,43.446
1990,Uganda,544273,Africa,1.9392,32.7415
1990,Tanzania,574025,Africa,-5.651,34.146
1990,Zambia,279463,Africa,-15.13,25.268
1990,Zimbabwe,634621,Africa,-19.098,30.047
1990,Angola,33517,Africa,-12.836,17.808
1990,Cameroon,265967,Africa,4.4,12.131
1990,Central African Republic,67234,Africa,7.043,21.424
1990,Chad,74342,Africa,15.981,18.781
1990,Republic of Congo,129391,Africa,0.509,16.08
1990,Democratic Republic of the Congo,754194,Africa,-1.418,23.607
1990,Equatorial Guinea,2740,Africa,1.6342,10.4695
1990,Gabon,128188,Africa,-0.406,11.914
1990,Sao Tome and Principe,5582,Africa,0.216,6.595
1990,Botswana,27510,Africa,-22.126,23.662
1990,Lesotho,8240,Africa,-29.446,28.371
1990,Namibia,120641,Africa,-21.276,17.219
1990,South Africa,1163883,Africa,-31.7,23.441
1990,Benin,76751,Africa,10.478,2.274
1990,Burkina Faso,349652,Africa,12.673,-1.226
1990,Cape Verde,8931,Africa,15.416,-23.36
1990,Côte d'Ivoire,1816426,Africa,7.497,-5.336
1990,Gambia,118123,Africa,13.499,-14.641
1990,Ghana,164851,Africa,7.258,-1.062
1990,Guinea,403621,Africa,10.599,-10.907
1990,Guinea-Bissau,15368,Africa,12.191,-14.475
1990,Liberia,94964,Africa,6.51,-9.33
1990,Mali,160736,Africa,18.211,-2.209
1990,Mauritania,111650,Africa,19.413,-10.6528
1990,Niger,115464,Africa,16.996,9.915
1990,Nigeria,456621,Africa,9.3417,7.678
1990,Saint Helena,178,Africa,-40.289,-10.033
1990,Senegal,270410,Africa,15.044,-15.081
1990,Sierra Leone,222148,Africa,8.677,-11.779
1990,Togo,84844,Africa,7.7,1.106
1990,Algeria,273954,Africa,28.6045,2.64
1990,Egypt,173833,Africa,26.16,28.742
1990,Libya,457075,Africa,27.24,17.571
1990,Morocco,54895,Africa,31.129,-7.355
1990,Sudan,1402896,Africa,15.739,29.533
1990,Tunisia,37984,Africa,35.594,9.421
1990,Western Sahara,2688,Africa,24.4813,-13.6266
1990,Armenia,658789,Asia,40.56,44.449
1990,Azerbaijan,360600,Asia,40.46,47.883
1990,Bahrain,173212,Asia,26.025,50.5534
1990,Cyprus,43805,Asia,34.894,32.928
1990,Georgia,304470,Asia,42.05,43.576
1990,Iraq,83638,Asia,33.545,43.278
1990,Israel,1632704,Asia,30.992,34.834
1990,Jordan,1146349,Asia,30.681,36.279
1990,Kuwait,1074391,Asia,29.3169,47.4272
1990,Lebanon,523693,Asia,34.161,36.021
1990,Oman,304000,Asia,19.85,56.25
1990,Qatar,309753,Asia,25.3174,51.1522
1990,Saudi Arabia,4998445,Asia,24.191,44.32
1990,Palestine,288332,Asia,32.097,35.26
1990,Syria,714140,Asia,35.303,38.322
1990,Turkey,1163686,Asia,39.144,34.188
1990,United Arab Emirates,1306574,Asia,23.9299,53.9031
1990,Yemen,118863,Asia,15.569,47.793
1990,Kazakhstan,3619200,Asia,48.866,69.772
1990,Kyrgyzstan,623083,Asia,41.741,75.043
1990,Tajikistan,428900,Asia,38.367,72.597
1990,Turkmenistan,306500,Asia,39.584,59.597
1990,Uzbekistan,1653000,Asia,41.757,63.958
1990,Afghanistan,57686,Asia,34.023,65.5267
1990,Bangladesh,881617,Asia,24.598,90.1963
1990,Bhutan,23807,Asia,27.5342,90.3002
1990,India,7594801,Asia,22.741,78.236
1990,Iran,4291601,Asia,33.408,54.0418
1990,Maldives,8689,Asia,4.221,73.463
1990,Nepal,429974,Asia,28.2114,83.5608
1990,Pakistan,6208204,Asia,28.1854,66.6429
1990,Sri Lanka,41561,Asia,7.3,80.727
1990,China,376361,Asia,35.1753,99.3877
1990,Hong Kong,2218473,Asia,22.4114,114.0599
1990,Macau,205047,Asia,22.1404,113.5643
1990,South Korea,34103,Asia,36.338,128.16
1990,Japan,1075317,Asia,35.962,137.855
1990,Mongolia,6718,Asia,46.516,102.564
1990,North Korea,43247,Asia,39.767,126.389
1990,Brunei,73200,Asia,4.452,114.557
1990,Cambodia,38375,Asia,12.69,104.444
1990,Indonesia,465612,Asia,-0.739,114.045
1990,Laos,22866,Asia,19.595,102.538
1990,Malaysia,695920,Asia,4.416,102.099
1990,Myanmar,133545,Asia,21.841,96.05
1990,Philippines,154071,Asia,17.181,121.256
1990,Singapore,727262,Asia,1.3389,103.8297
1990,Thailand,528693,Asia,15.688,100.845
1990,Timor-Leste,8954,Asia,-8.856,125.556
1990,Vietnam,28118,Asia,21.75,105.373
1990,Anguilla,2570,North America ,18.2177,-63.0406
1990,Antigua and Barbuda,12029,North America ,17.625,-61.786
1990,Aruba,14444,North America ,12.5176,-69.9818
1990,Bahamas,26855,North America ,24.7032,-78.0455
1990,Barbados,24024,North America ,13.1898,-59.559
1990,British Virgin Islands,8035,North America ,18.4204,-64.64
1990,Cayman Islands,9315,North America ,19.3299,-81.1715
1990,Cuba,34555,North America ,20.571,-76.456
1990,Dominica,2519,North America ,15.4238,-61.3411
1990,Dominican Republic,291151,North America ,19.01,-70.1685
1990,Grenada,4263,North America ,12.111,-61.6867
1990,Guadeloupe,65944,North America ,16.2495,-61.5527
1990,Haiti,19084,North America ,19.3175,-72.4205
1990,Jamaica,20475,North America ,18.163,-77.477
1990,Martinique,38705,North America ,14.6366,-61.0154
1990,Montserrat,2013,North America ,16.7492,-62.1928
1990,Puerto Rico,321909,North America ,18.242,-66.643
1990,Saint Kitts and Nevis,3210,North America ,17.147,-62.58
1990,Saint Lucia,5305,North America ,13.909,-60.9776
1990,Saint Vincent and the Grenadines,3970,North America ,13.2528,-61.1949
1990,Trinidad and Tobago,50666,North America ,10.4435,-61.2604
1990,Turks and Caicos Islands,5062,North America ,21.7779,-71.7592
1990,Belize,30404,North America ,17.108,-88.744
1990,Costa Rica,417628,North America ,10.126,-84.075
1990,El Salvador,47360,North America ,13.848,-89.229
1990,Guatemala,264257,North America ,15.124,-90.711
1990,Honduras,270423,North America ,14.881,-87.123
1990,Mexico,695674,North America ,22.925,-101.68
1990,Nicaragua,41421,North America ,12.692,-85.03
1990,Panama,62744,North America ,8.348,-81.005
1990,Argentina,1649919,South America,-33.166,-64.31
1990,Bolivia,73758,South America,-16.71,-65.183
1990,Brazil,798517,South America,-11.694,-48.978
1990,Chile,107501,South America,-23.176,-69.201
1990,Colombia,104277,South America,3.794,-73.606
1990,Ecuador,78663,South America,-1.151,-78.308
1990,Falkland Islands,855,South America,-51.663,-58.685
1990,French Guiana,63612,South America,3.9351,-53.0359
1990,Guyana,4095,South America,5.17,-58.939
1990,Paraguay,195884,South America,-23.266,-58.409
1990,Peru,56688,South America,-12.664,-72.98
1990,Suriname,18083,South America,4.248,-55.848
1990,Uruguay,98116,South America,-32.948,-56.249
1990,Venezuela,1025009,South America,6.983,-64.588
1990,Australia,3955213,Oceania,-24.578,133.582
1990,New Zealand,518047,Oceania,-42.558,172.377
1990,Fiji,13283,Oceania,-17.7941,177.9783
1990,New Caledonia,37673,Oceania,-21.02,165.062
1990,Papua New Guinea,33710,Oceania,-5.636,142.798
1990,Solomon Islands,4226,Oceania,-9.5987,160.1487
1990,Vanuatu,2308,Oceania,-15.339,166.89
1990,Micronesia,108969,Oceania,7.531,150.457
1990,Guam,69755,Oceania,13.45,144.7579
1990,Kiribati,2162,Oceania,2.048,-158.59
1990,Marshall Islands,1158,Oceania,5.961,169.651
1990,Micronesia,3685,Oceania,7.531,150.457
1990,Nauru,2815,Oceania,-0.5287,166.9315
1990,Northern Mariana Islands,26593,Oceania,15.1905,145.7471
1990,Palau,2801,Oceania,7.5288,134.5573
1990,American Samoa,21283,Oceania,-14.3018,-170.7511
1990,Cook Islands,2587,Oceania,-21.202,-159.82
1990,French Polynesia,25830,Oceania,-17.529,-149.53
1990,Niue,461,Oceania,-19.033,-169.86
1990,Samoa,3357,Oceania,-13.6221,-172.439
1990,Tokelau,270,Oceania,-8.571,-172.48
1990,Tonga,2911,Oceania,-21.167,-175.19
1990,Tuvalu,318,Oceania,-7.4786,178.6758
1990,Wallis and Futuna,1402,Oceania,-13.2859,-176.2086
1990,Belarus,1248977,Europe,53.3292,27.9492
1990,Bulgaria,21510,Europe,42.625,24.521
1990,Czech Republic,110394,Europe,49.848,15.2812
1990,Hungary,347510,Europe,47.174,19.618
1990,Poland,1127771,Europe,52.442,19.72
1990,Moldova,544162,Europe,47.524,28.444
1990,Romania,135825,Europe,45.933,25.119
1990,Russia,11524948,Europe,64.736,104.062
1990,Slovakia,41295,Europe,48.8595,19.4434
1990,Ukraine,6892920,Europe,49.364,32.132
1990,Denmark,235189,Europe,56.113,9.096
1990,Estonia,381997,Europe,58.777,25.977
1990,Faroe Islands,4285,Europe,62.1252,-7.0174
1990,Finland,63255,Europe,62.716,26.192
1990,Iceland,9584,Europe,64.826,-18.417
1990,Ireland,227961,Europe,53.214,-7.588
1990,Isle of Man,34769,Europe,54.2362,-4.5149
1990,Latvia,646007,Europe,57.017,25.0173
1990,Lithuania,349258,Europe,55.342,24.23
1990,Norway,192587,Europe,61.3701,9.3031
1990,Sweden,788767,Europe,66.2188,19
1990,United Kingdom,3650286,Europe,52.289,-1.259
1990,Albania,66013,Europe,40.654,20.076
1990,Andorra,38891,Europe,42.5425,1.5893
1990,Bosnia and Herzegovina,56000,Europe,44.342,17.804
1990,Croatia,475438,Europe,45.754,16.385
1990,Gibraltar,8709,Europe,36.134,-5.3482
1990,Greece,618139,Europe,39.787,21.617
1990,Italy,1428219,Europe,44.3713,11.1084
1990,Malta,15077,Europe,35.9024,14.4137
1990,Macedonia,95142,Europe,41.636,21.676
1990,Portugal,435782,Europe,40.957,-7.9373
1990,San Marino,3310,Europe,43.942,12.4611
1990,Serbia,99269,Europe,44.021,20.699
1990,Slovenia,178077,Europe,46.037,14.534
1990,Spain,821605,Europe,40.617,-3.388
1990,Austria,793239,Europe,47.65,14.705
1990,Belgium,1280583,Europe,50.6745,4.4588
1990,France,5897267,Europe,46.656,2.543
1990,Germany,5936181,Europe,51.3819,9.9877
1990,Liechtenstein,10906,Europe,47.1593,9.547
1990,Luxembourg,113795,Europe,49.671,6.113
1990,Monaco,20359,Europe,43.7384,7.4243
1990,Netherlands,1182263,Europe,52.1704,5.0102
1990,Switzerland,1392282,Europe,46.7794,8.0329
1990,Bermuda,15683,North America ,32.3019,-64.7737
1990,Canada,4333318,North America ,59.2067,-111.1937
1990,Greenland,9282,North America ,71,-39
1990,Saint Pierre and Miquelon,1099,North America ,46.9642,-56.3267
1990,United States of America,23251026,North America ,40.0792,-98.8164
1995,Burundi,254853,Africa,-3.333,29.749
1995,Comoros,13939,Africa,-11.6527,43.3307
1995,Djibouti,99774,Africa,11.41,42.165
1995,Eritrea,12400,Africa,15.982,38.02
1995,Ethiopia,806904,Africa,8.435,38.786
1995,Kenya,618745,Africa,0.806,38.166
1995,Madagascar,21177,Africa,-19.615,46.645
1995,Malawi,241624,Africa,-13.2731,33.7428
1995,Mauritius,7493,Africa,-20.2529,57.5902
1995,Mayotte,26316,Africa,-12.8252,45.1494
1995,Mozambique,168256,Africa,-13.852,38.042
1995,Réunion,77159,Africa,-21.1313,55.537
1995,Rwanda,215735,Africa,-1.887,29.904
1995,Seychelles,5148,Africa,-4.6841,55.4924
1995,Somalia,19527,Africa,2.875,43.446
1995,Uganda,606987,Africa,1.9392,32.7415
1995,Tanzania,1106043,Africa,-5.651,34.146
1995,Zambia,244338,Africa,-15.13,25.268
1995,Zimbabwe,431226,Africa,-19.098,30.047
1995,Angola,39813,Africa,-12.836,17.808
1995,Cameroon,244791,Africa,4.4,12.131
1995,Central African Republic,99712,Africa,7.043,21.424
1995,Chad,89584,Africa,15.981,18.781
1995,Republic of Congo,191635,Africa,0.509,16.08
1995,Democratic Republic of the Congo,1816963,Africa,-1.418,23.607
1995,Equatorial Guinea,3629,Africa,1.6342,10.4695
1995,Gabon,171427,Africa,-0.406,11.914
1995,Sao Tome and Principe,4936,Africa,0.216,6.595
1995,Botswana,40168,Africa,-22.126,23.662
1995,Lesotho,7204,Africa,-29.446,28.371
1995,Namibia,115372,Africa,-21.276,17.219
1995,South Africa,1003807,Africa,-31.7,23.441
1995,Benin,105703,Africa,10.478,2.274
1995,Burkina Faso,464104,Africa,12.673,-1.226
1995,Cape Verde,9979,Africa,15.416,-23.36
1995,Côte d'Ivoire,2076394,Africa,7.497,-5.336
1995,Gambia,150890,Africa,13.499,-14.641
1995,Ghana,252879,Africa,7.258,-1.062
1995,Guinea,774505,Africa,10.599,-10.907
1995,Guinea-Bissau,27961,Africa,12.191,-14.475
1995,Liberia,208563,Africa,6.51,-9.33
1995,Mali,176187,Africa,18.211,-2.209
1995,Mauritania,89562,Africa,19.413,-10.6528
1995,Niger,145999,Africa,16.996,9.915
1995,Nigeria,462999,Africa,9.3417,7.678
1995,Saint Helena,117,Africa,-40.289,-10.033
1995,Senegal,287654,Africa,15.044,-15.081
1995,Sierra Leone,98516,Africa,8.677,-11.779
1995,Togo,101583,Africa,7.7,1.106
1995,Algeria,262032,Africa,28.6045,2.64
1995,Egypt,166955,Africa,26.16,28.742
1995,Libya,508041,Africa,27.24,17.571
1995,Morocco,50360,Africa,31.129,-7.355
1995,Sudan,1053396,Africa,15.739,29.533
1995,Tunisia,37867,Africa,35.594,9.421
1995,Western Sahara,2989,Africa,24.4813,-13.6266
1995,Armenia,693999,Asia,40.56,44.449
1995,Azerbaijan,344070,Asia,40.46,47.883
1995,Bahrain,205979,Asia,26.025,50.5534
1995,Cyprus,61941,Asia,34.894,32.928
1995,Georgia,152235,Asia,42.05,43.576
1995,Iraq,199460,Asia,33.545,43.278
1995,Israel,1792185,Asia,30.992,34.834
1995,Jordan,1537097,Asia,30.681,36.279
1995,Kuwait,921954,Asia,29.3169,47.4272
1995,Lebanon,608303,Asia,34.161,36.021
1995,Oman,539643,Asia,19.85,56.25
1995,Qatar,361673,Asia,25.3174,51.1522
1995,Saudi Arabia,5122702,Asia,24.191,44.32
1995,Palestine,281767,Asia,32.097,35.26
1995,Syria,830610,Asia,35.303,38.322
1995,Turkey,1216173,Asia,39.144,34.188
1995,United Arab Emirates,1824118,Asia,23.9299,53.9031
1995,Yemen,136515,Asia,15.569,47.793
1995,Kazakhstan,3251968,Asia,48.866,69.772
1995,Kyrgyzstan,518338,Asia,41.741,75.043
1995,Tajikistan,348347,Asia,38.367,72.597
1995,Turkmenistan,273565,Asia,39.584,59.597
1995,Uzbekistan,1512577,Asia,41.757,63.958
1995,Afghanistan,71522,Asia,34.023,65.5267
1995,Bangladesh,934735,Asia,24.598,90.1963
1995,Bhutan,27972,Asia,27.5342,90.3002
1995,India,6952238,Asia,22.741,78.236
1995,Iran,2937668,Asia,33.408,54.0418
1995,Maldives,18510,Asia,4.221,73.463
1995,Nepal,690225,Asia,28.2114,83.5608
1995,Pakistan,3669308,Asia,28.1854,66.6429
1995,Sri Lanka,40841,Asia,7.3,80.727
1995,China,442198,Asia,35.1753,99.3877
1995,Hong Kong,2443798,Asia,22.4114,114.0599
1995,South Korea,35143,Asia,36.338,128.16
1995,Japan,1362371,Asia,35.962,137.855
1995,Mongolia,7424,Asia,46.516,102.564
1995,North Korea,123886,Asia,39.767,126.389
1995,Brunei,84748,Asia,4.452,114.557
1995,Cambodia,92230,Asia,12.69,104.444
1995,Indonesia,378960,Asia,-0.739,114.045
1995,Laos,23526,Asia,19.595,102.538
1995,Malaysia,937368,Asia,4.416,102.099
1995,Myanmar,113663,Asia,21.841,96.05
1995,Philippines,207345,Asia,17.181,121.256
1995,Singapore,991492,Asia,1.3389,103.8297
1995,Thailand,809720,Asia,15.688,100.845
1995,Timor-Leste,9743,Asia,-8.856,125.556
1995,Vietnam,51262,Asia,21.75,105.373
1995,Anguilla,3317,North America ,18.2177,-63.0406
1995,Antigua and Barbuda,17550,North America ,17.625,-61.786
1995,Aruba,22274,North America ,12.5176,-69.9818
1995,Bahamas,31654,North America ,24.7032,-78.0455
1995,Barbados,26224,North America ,13.1898,-59.559
1995,British Virgin Islands,10046,North America ,18.4204,-64.64
1995,Cayman Islands,12666,North America ,19.3299,-81.1715
1995,Cuba,26187,North America ,20.571,-76.456
1995,Dominica,3121,North America ,15.4238,-61.3411
1995,Dominican Republic,323381,North America ,19.01,-70.1685
1995,Grenada,5544,North America ,12.111,-61.6867
1995,Guadeloupe,74566,North America ,16.2495,-61.5527
1995,Haiti,18129,North America ,19.3175,-72.4205
1995,Jamaica,22713,North America ,18.163,-77.477
1995,Martinique,46599,North America ,14.6366,-61.0154
1995,Montserrat,1612,North America ,16.7492,-62.1928
1995,Puerto Rico,338067,North America ,18.242,-66.643
1995,Saint Kitts and Nevis,4248,North America ,17.147,-62.58
1995,Saint Lucia,7155,North America ,13.909,-60.9776
1995,Saint Vincent and the Grenadines,4135,North America ,13.2528,-61.1949
1995,Trinidad and Tobago,45994,North America ,10.4435,-61.2604
1995,Turks and Caicos Islands,7039,North America ,21.7779,-71.7592
1995,Belize,33446,North America ,17.108,-88.744
1995,Costa Rica,364287,North America ,10.126,-84.075
1995,El Salvador,39537,North America ,13.848,-89.229
1995,Guatemala,156188,North America ,15.124,-90.711
1995,Honduras,149442,North America ,14.881,-87.123
1995,Mexico,458549,North America ,22.925,-101.68
1995,Nicaragua,26619,North America ,12.692,-85.03
1995,Panama,70848,North America ,8.348,-81.005
1995,Argentina,1595069,South America,-33.166,-64.31
1995,Bolivia,83598,South America,-16.71,-65.183
1995,Brazil,741557,South America,-11.694,-48.978
1995,Chile,142417,South America,-23.176,-69.201
1995,Colombia,106943,South America,3.794,-73.606
1995,Ecuador,115093,South America,-1.151,-78.308
1995,Falkland Islands,868,South America,-51.663,-58.685
1995,French Guiana,70131,South America,3.9351,-53.0359
1995,Guyana,6352,South America,5.17,-58.939
1995,Paraguay,186570,South America,-23.266,-58.409
1995,Peru,56732,South America,-12.664,-72.98
1995,Suriname,22320,South America,4.248,-55.848
1995,Uruguay,93428,South America,-32.948,-56.249
1995,Venezuela,1019996,South America,6.983,-64.588
1995,Australia,4153330,Oceania,-24.578,133.582
1995,New Zealand,588617,Oceania,-42.558,172.377
1995,Fiji,13001,Oceania,-17.7941,177.9783
1995,New Caledonia,43662,Oceania,-21.02,165.062
1995,Papua New Guinea,33526,Oceania,-5.636,142.798
1995,Solomon Islands,4178,Oceania,-9.5987,160.1487
1995,Vanuatu,2461,Oceania,-15.339,166.89
1995,Micronesia,118687,Oceania,7.531,150.457
1995,Guam,71912,Oceania,13.45,144.7579
1995,Kiribati,2223,Oceania,2.048,-158.59
1995,Marshall Islands,1480,Oceania,5.961,169.651
1995,Nauru,2605,Oceania,-0.5287,166.9315
1995,Northern Mariana Islands,32376,Oceania,15.1905,145.7471
1995,Palau,4749,Oceania,7.5288,134.5573
1995,American Samoa,23098,Oceania,-14.3018,-170.7511
1995,Cook Islands,2686,Oceania,-21.202,-159.82
1995,French Polynesia,28360,Oceania,-17.529,-149.53
1995,Niue,480,Oceania,-19.033,-169.86
1995,Samoa,4694,Oceania,-13.6221,-172.439
1995,Tokelau,266,Oceania,-8.571,-172.48
1995,Tonga,3274,Oceania,-21.167,-175.19
1995,Tuvalu,263,Oceania,-7.4786,178.6758
1995,Wallis and Futuna,1704,Oceania,-13.2859,-176.2086
1995,Belarus,1186282,Europe,53.3292,27.9492
1995,Bulgaria,32435,Europe,42.625,24.521
1995,Czech Republic,165592,Europe,49.848,15.2812
1995,Hungary,322234,Europe,47.174,19.618
1995,Poland,964725,Europe,52.442,19.72
1995,Moldova,367231,Europe,47.524,28.444
1995,Romania,135037,Europe,45.933,25.119
1995,Russia,11928927,Europe,64.736,104.062
1995,Slovakia,69323,Europe,48.8595,19.4434
1995,Ukraine,6172338,Europe,49.364,32.132
1995,Denmark,303108,Europe,56.113,9.096
1995,Estonia,315755,Europe,58.777,25.977
1995,Faroe Islands,2900,Europe,62.1252,-7.0174
1995,Finland,99729,Europe,62.716,26.192
1995,Iceland,12738,Europe,64.826,-18.417
1995,Ireland,226892,Europe,53.214,-7.588
1995,Isle of Man,36886,Europe,54.2362,-4.5149
1995,Latvia,538093,Europe,57.017,25.0173
1995,Lithuania,273587,Europe,55.342,24.23
1995,Norway,233302,Europe,61.3701,9.3031
1995,Sweden,936022,Europe,66.2188,19
1995,United Kingdom,4155293,Europe,52.289,-1.259
1995,Albania,71354,Europe,40.654,20.076
1995,Andorra,44206,Europe,42.5425,1.5893
1995,Bosnia and Herzegovina,69476,Europe,44.342,17.804
1995,Croatia,674085,Europe,45.754,16.385
1995,Gibraltar,8381,Europe,36.134,-5.3482
1995,Greece,857850,Europe,39.787,21.617
1995,Italy,1774954,Europe,44.3713,11.1084
1995,Malta,17740,Europe,35.9024,14.4137
1995,Macedonia,109343,Europe,41.636,21.676
1995,Portugal,532822,Europe,40.957,-7.9373
1995,San Marino,3659,Europe,43.942,12.4611
1995,Serbia,870980,Europe,44.021,20.699
1995,Slovenia,174419,Europe,46.037,14.534
1995,Spain,1020067,Europe,40.617,-3.388
1995,Austria,894893,Europe,47.65,14.705
1995,Belgium,1288003,Europe,50.6745,4.4588
1995,France,6087993,Europe,46.656,2.543
1995,Germany,7464406,Europe,51.3819,9.9877
1995,Liechtenstein,13311,Europe,47.1593,9.547
1995,Luxembourg,126106,Europe,49.671,6.113
1995,Monaco,21060,Europe,43.7384,7.4243
1995,Netherlands,1346164,Europe,52.1704,5.0102
1995,Switzerland,1478829,Europe,46.7794,8.0329
1995,Bermuda,16676,North America ,32.3019,-64.7737
1995,Canada,4864778,North America ,59.2067,-111.1937
1995,Greenland,7121,North America ,71,-39
1995,Saint Pierre and Miquelon,1320,North America ,46.9642,-56.3267
1995,United States of America,28451053,North America ,40.0792,-98.8164
2000,Burundi,125628,Africa,-3.333,29.749
2000,Comoros,13799,Africa,-11.6527,43.3307
2000,Djibouti,100507,Africa,11.41,42.165
2000,Eritrea,12952,Africa,15.982,38.02
2000,Ethiopia,611384,Africa,8.435,38.786
2000,Kenya,707852,Africa,0.806,38.166
2000,Madagascar,23541,Africa,-19.615,46.645
2000,Malawi,232620,Africa,-13.2731,33.7428
2000,Mauritius,15543,Africa,-20.2529,57.5902
2000,Mayotte,45474,Africa,-12.8252,45.1494
2000,Mozambique,195702,Africa,-13.852,38.042
2000,Réunion,100678,Africa,-21.1313,55.537
2000,Rwanda,347076,Africa,-1.887,29.904
2000,Seychelles,6574,Africa,-4.6841,55.4924
2000,Somalia,20097,Africa,2.875,43.446
2000,Uganda,584280,Africa,1.9392,32.7415
2000,Tanzania,949600,Africa,-5.651,34.146
2000,Zambia,343703,Africa,-15.13,25.268
2000,Zimbabwe,410109,Africa,-19.098,30.047
2000,Angola,46108,Africa,-12.836,17.808
2000,Cameroon,227242,Africa,4.4,12.131
2000,Central African Republic,123529,Africa,7.043,21.424
2000,Chad,104825,Africa,15.981,18.781
2000,Republic of Congo,305880,Africa,0.509,16.08
2000,Democratic Republic of the Congo,744387,Africa,-1.418,23.607
2000,Equatorial Guinea,4517,Africa,1.6342,10.4695
2000,Gabon,214431,Africa,-0.406,11.914
2000,Sao Tome and Principe,4365,Africa,0.216,6.595
2000,Botswana,74934,Africa,-22.126,23.662
2000,Lesotho,6167,Africa,-29.446,28.371
2000,Namibia,135547,Africa,-21.276,17.219
2000,South Africa,1016963,Africa,-31.7,23.441
2000,Benin,134655,Africa,10.478,2.274
2000,Burkina Faso,520363,Africa,12.673,-1.226
2000,Cape Verde,11027,Africa,15.416,-23.36
2000,Côte d'Ivoire,2163644,Africa,7.497,-5.336
2000,Gambia,182514,Africa,13.499,-14.641
2000,Ghana,191601,Africa,7.258,-1.062
2000,Guinea,560075,Africa,10.599,-10.907
2000,Guinea-Bissau,20450,Africa,12.191,-14.475
2000,Liberia,151868,Africa,6.51,-9.33
2000,Mali,189475,Africa,18.211,-2.209
2000,Mauritania,57366,Africa,19.413,-10.6528
2000,Niger,122260,Africa,16.996,9.915
2000,Nigeria,487882,Africa,9.3417,7.678
2000,Saint Helena,108,Africa,-40.289,-10.033
2000,Senegal,231901,Africa,15.044,-15.081
2000,Sierra Leone,97974,Africa,8.677,-11.779
2000,Togo,137968,Africa,7.7,1.106
2000,Algeria,250110,Africa,28.6045,2.64
2000,Egypt,184774,Africa,26.16,28.742
2000,Libya,567436,Africa,27.24,17.571
2000,Morocco,53034,Africa,31.129,-7.355
2000,Sudan,805086,Africa,15.739,29.533
2000,Tunisia,36719,Africa,35.594,9.421
2000,Western Sahara,3289,Africa,24.4813,-13.6266
2000,Armenia,657900,Asia,40.56,44.449
2000,Azerbaijan,327540,Asia,40.46,47.883
2000,Bahrain,239361,Asia,26.025,50.5534
2000,Cyprus,80076,Asia,34.894,32.928
2000,Georgia,76117,Asia,42.05,43.576
2000,Iraq,210525,Asia,33.545,43.278
2000,Israel,1851309,Asia,30.992,34.834
2000,Jordan,1927845,Asia,30.681,36.279
2000,Kuwait,1127640,Asia,29.3169,47.4272
2000,Lebanon,692913,Asia,34.161,36.021
2000,Oman,623608,Asia,19.85,56.25
2000,Qatar,359697,Asia,25.3174,51.1522
2000,Saudi Arabia,5263387,Asia,24.191,44.32
2000,Palestine,275202,Asia,32.097,35.26
2000,Syria,834916,Asia,35.303,38.322
2000,Turkey,1280963,Asia,39.144,34.188
2000,United Arab Emirates,2447010,Asia,23.9299,53.9031
2000,Yemen,144940,Asia,15.569,47.793
2000,Kazakhstan,2874194,Asia,48.866,69.772
2000,Kyrgyzstan,389824,Asia,41.741,75.043
2000,Tajikistan,299499,Asia,38.367,72.597
2000,Turkmenistan,219067,Asia,39.584,59.597
2000,Uzbekistan,1406498,Asia,41.757,63.958
2000,Afghanistan,75917,Asia,34.023,65.5267
2000,Bangladesh,987853,Asia,24.598,90.1963
2000,Bhutan,32137,Asia,27.5342,90.3002
2000,India,6411331,Asia,22.741,78.236
2000,Iran,2803805,Asia,33.408,54.0418
2000,Maldives,27092,Asia,4.221,73.463
2000,Nepal,717900,Asia,28.2114,83.5608
2000,Pakistan,4181912,Asia,28.1854,66.6429
2000,Sri Lanka,40132,Asia,7.3,80.727
2000,China,508034,Asia,35.1753,99.3877
2000,Hong Kong,2669122,Asia,22.4114,114.0599
2000,South Korea,36183,Asia,36.338,128.16
2000,Japan,1686444,Asia,35.962,137.855
2000,Mongolia,8206,Asia,46.516,102.564
2000,North Korea,244224,Asia,39.767,126.389
2000,Brunei,96296,Asia,4.452,114.557
2000,Cambodia,146085,Asia,12.69,104.444
2000,Indonesia,292307,Asia,-0.739,114.045
2000,Laos,21948,Asia,19.595,102.538
2000,Malaysia,1463598,Asia,4.416,102.099
2000,Myanmar,98011,Asia,21.841,96.05
2000,Philippines,318095,Asia,17.181,121.256
2000,Singapore,1351691,Asia,1.3389,103.8297
2000,Thailand,1257821,Asia,15.688,100.845
2000,Timor-Leste,10602,Asia,-8.856,125.556
2000,Vietnam,56754,Asia,21.75,105.373
2000,Anguilla,4063,South America,18.2177,-63.0406
2000,Antigua and Barbuda,23071,South America,17.625,-61.786
2000,Aruba,30104,South America,12.5176,-69.9818
2000,Bahamas,36454,South America,24.7032,-78.0455
2000,Barbados,28424,South America,13.1898,-59.559
2000,British Virgin Islands,12958,South America,18.4204,-64.64
2000,Cayman Islands,19176,South America,19.3299,-81.1715
2000,Cuba,17818,South America,20.571,-76.456
2000,Dominica,3723,South America,15.4238,-61.3411
2000,Dominican Republic,355611,South America,19.01,-70.1685
2000,Grenada,6825,South America,12.111,-61.6867
2000,Guadeloupe,83188,South America,16.2495,-61.5527
2000,Haiti,17222,South America,19.3175,-72.4205
2000,Jamaica,24952,South America,18.163,-77.477
2000,Martinique,54492,South America,14.6366,-61.0154
2000,Montserrat,1211,South America,16.7492,-62.1928
2000,Puerto Rico,355038,South America,18.242,-66.643
2000,Saint Kitts and Nevis,5871,South America,17.147,-62.58
2000,Saint Lucia,9871,South America,13.909,-60.9776
2000,Saint Vincent and the Grenadines,4307,South America,13.2528,-61.1949
2000,Trinidad and Tobago,41753,South America,10.4435,-61.2604
2000,Turks and Caicos Islands,9015,South America,21.7779,-71.7592
2000,Belize,36488,South America,17.108,-88.744
2000,Costa Rica,310946,South America,10.126,-84.075
2000,El Salvador,31713,South America,13.848,-89.229
2000,Guatemala,48119,South America,15.124,-90.711
2000,Honduras,28461,South America,14.881,-87.123
2000,Mexico,538051,South America,22.925,-101.68
2000,Nicaragua,30389,South America,12.692,-85.03
2000,Panama,83410,South America,8.348,-81.005
2000,Argentina,1540219,South America,-33.166,-64.31
2000,Bolivia,92658,South America,-16.71,-65.183
2000,Brazil,684596,South America,-11.694,-48.978
2000,Chile,177332,South America,-23.176,-69.201
2000,Colombia,109609,South America,3.794,-73.606
2000,Ecuador,151523,South America,-1.151,-78.308
2000,Falkland Islands,1067,South America,-51.663,-58.685
2000,French Guiana,76649,South America,3.9351,-53.0359
2000,Guyana,8610,South America,5.17,-58.939
2000,Paraguay,176608,South America,-23.266,-58.409
2000,Peru,66300,South America,-12.664,-72.98
2000,Suriname,27506,South America,4.248,-55.848
2000,Uruguay,88874,South America,-32.948,-56.249
2000,Venezuela,1013738,South America,6.983,-64.588
2000,Australia,4386250,Oceania,-24.578,133.582
2000,New Zealand,678813,Oceania,-42.558,172.377
2000,Fiji,12719,Oceania,-17.7941,177.9783
2000,New Caledonia,49651,Oceania,-21.02,165.062
2000,Papua New Guinea,26304,Oceania,-5.636,142.798
2000,Solomon Islands,3981,Oceania,-9.5987,160.1487
2000,Vanuatu,2626,Oceania,-15.339,166.89
2000,Micronesia,130186,Oceania,7.531,150.457
2000,Guam,74070,Oceania,13.45,144.7579
2000,Kiribati,2283,Oceania,2.048,-158.59
2000,Marshall Islands,1891,Oceania,5.961,169.651
2000,Nauru,2394,Oceania,-0.5287,166.9315
2000,Northern Mariana Islands,40122,Oceania,15.1905,145.7471
2000,Palau,6310,Oceania,7.5288,134.5573
2000,American Samoa,24912,Oceania,-14.3018,-170.7511
2000,Cook Islands,2785,Oceania,-21.202,-159.82
2000,French Polynesia,30329,Oceania,-17.529,-149.53
2000,Niue,498,Oceania,-19.033,-169.86
2000,Samoa,5998,Oceania,-13.6221,-172.439
2000,Tokelau,262,Oceania,-8.571,-172.48
2000,Tonga,3684,Oceania,-21.167,-175.19
2000,Tuvalu,218,Oceania,-7.4786,178.6758
2000,Wallis and Futuna,2015,Oceania,-13.2859,-176.2086
2000,Belarus,1123586,Europe,53.3292,27.9492
2000,Bulgaria,43360,Europe,42.625,24.521
2000,Czech Republic,220789,Europe,49.848,15.2812
2000,Hungary,296957,Europe,47.174,19.618
2000,Poland,825251,Europe,52.442,19.72
2000,Moldova,247828,Europe,47.524,28.444
2000,Romania,134254,Europe,45.933,25.119
2000,Russia,11900297,Europe,64.736,104.062
2000,Slovakia,116376,Europe,48.8595,19.4434
2000,Ukraine,5527087,Europe,49.364,32.132
2000,Denmark,371026,Europe,56.113,9.096
2000,Estonia,249512,Europe,58.777,25.977
2000,Faroe Islands,3593,Europe,62.1252,-7.0174
2000,Finland,136203,Europe,62.716,26.192
2000,Iceland,15892,Europe,64.826,-18.417
2000,Ireland,350552,Europe,53.214,-7.588
2000,Isle of Man,39002,Europe,54.2362,-4.5149
2000,Latvia,430178,Europe,57.017,25.0173
2000,Lithuania,214311,Europe,55.342,24.23
2000,Norway,292440,Europe,61.3701,9.3031
2000,Sweden,1003798,Europe,66.2188,19
2000,United Kingdom,4730165,Europe,52.289,-1.259
2000,Albania,76695,Europe,40.654,20.076
2000,Andorra,42147,Europe,42.5425,1.5893
2000,Bosnia and Herzegovina,82952,Europe,44.342,17.804
2000,Croatia,585298,Europe,45.754,16.385
2000,Gibraltar,8054,Europe,36.134,-5.3482
2000,Greece,1111665,Europe,39.787,21.617
2000,Italy,2121688,Europe,44.3713,11.1084
2000,Malta,21521,Europe,35.9024,14.4137
2000,Portugal,651472,Europe,40.957,-7.9373
2000,San Marino,4045,Europe,43.942,12.4611
2000,Serbia,977873,Europe,44.021,20.699
2000,Slovenia,214508,Europe,46.037,14.534
2000,Spain,1657285,Europe,40.617,-3.388
2000,Austria,996547,Europe,47.65,14.705
2000,Belgium,1268368,Europe,50.6745,4.4588
2000,France,6278718,Europe,46.656,2.543
2000,Germany,8992631,Europe,51.3819,9.9877
2000,Liechtenstein,15483,Europe,47.1593,9.547
2000,Luxembourg,139750,Europe,49.671,6.113
2000,Monaco,21787,Europe,43.7384,7.4243
2000,Netherlands,1556337,Europe,52.1704,5.0102
2000,Switzerland,1570756,Europe,46.7794,8.0329
2000,Bermuda,17668,North America ,32.3019,-64.7737
2000,Canada,5511914,North America ,59.2067,-111.1937
2000,Greenland,6601,North America ,71,-39
2000,Saint Pierre and Miquelon,1458,North America ,46.9642,-56.3267
2000,United States of America,34814053,North America ,40.0792,-98.8164
2005,Burundi,172874,Africa,-3.333,29.749
2005,Comoros,13209,Africa,-11.6527,43.3307
2005,Djibouti,92091,Africa,11.41,42.165
2005,Eritrea,14314,Africa,15.982,38.02
2005,Ethiopia,514242,Africa,8.435,38.786
2005,Kenya,773354,Africa,0.806,38.166
2005,Madagascar,26058,Africa,-19.615,46.645
2005,Malawi,221661,Africa,-13.2731,33.7428
2005,Mauritius,19647,Africa,-20.2529,57.5902
2005,Mayotte,63176,Africa,-12.8252,45.1494
2005,Mozambique,264679,Africa,-13.852,38.042
2005,Réunion,115076,Africa,-21.1313,55.537
2005,Rwanda,423187,Africa,-1.887,29.904
2005,Seychelles,8997,Africa,-4.6841,55.4924
2005,Somalia,20670,Africa,2.875,43.446
2005,Uganda,593308,Africa,1.9392,32.7415
2005,Tanzania,771153,Africa,-5.651,34.146
2005,Zambia,252895,Africa,-15.13,25.268
2005,Zimbabwe,402226,Africa,-19.098,30.047
2005,Angola,61329,Africa,-12.836,17.808
2005,Cameroon,265503,Africa,4.4,12.131
2005,Central African Republic,94449,Africa,7.043,21.424
2005,Chad,352062,Africa,15.981,18.781
2005,Republic of Congo,318724,Africa,0.509,16.08
2005,Democratic Republic of the Congo,622869,Africa,-1.418,23.607
2005,Equatorial Guinea,6588,Africa,1.6342,10.4695
2005,Gabon,233824,Africa,-0.406,11.914
2005,Sao Tome and Principe,3433,Africa,0.216,6.595
2005,Botswana,84614,Africa,-22.126,23.662
2005,Lesotho,6290,Africa,-29.446,28.371
2005,Namibia,107347,Africa,-21.276,17.219
2005,South Africa,1351031,Africa,-31.7,23.441
2005,Benin,221889,Africa,10.478,2.274
2005,Burkina Faso,597658,Africa,12.673,-1.226
2005,Cape Verde,12700,Africa,15.416,-23.36
2005,Côte d'Ivoire,2265090,Africa,7.497,-5.336
2005,Gambia,181905,Africa,13.499,-14.641
2005,Ghana,304436,Africa,7.258,-1.062
2005,Guinea,229611,Africa,10.599,-10.907
2005,Guinea-Bissau,20736,Africa,12.191,-14.475
2005,Liberia,87188,Africa,6.51,-9.33
2005,Mali,256797,Africa,18.211,-2.209
2005,Mauritania,58119,Africa,19.413,-10.6528
2005,Niger,124461,Africa,16.996,9.915
2005,Nigeria,969294,Africa,9.3417,7.678
2005,Saint Helena,163,Africa,-40.289,-10.033
2005,Senegal,238298,Africa,15.044,-15.081
2005,Sierra Leone,146050,Africa,8.677,-11.779
2005,Togo,203799,Africa,7.7,1.106
2005,Algeria,197422,Africa,28.6045,2.64
2005,Egypt,285006,Africa,26.16,28.742
2005,Libya,625212,Africa,27.24,17.571
2005,Morocco,54379,Africa,31.129,-7.355
2005,Sudan,546419,Africa,15.739,29.533
2005,Tunisia,35040,Africa,35.594,9.421
2005,Western Sahara,3891,Africa,24.4813,-13.6266
2005,Armenia,469119,Asia,40.56,44.449
2005,Azerbaijan,302220,Asia,40.46,47.883
2005,Bahrain,404018,Asia,26.025,50.5534
2005,Cyprus,117165,Asia,34.894,32.928
2005,Georgia,72311,Asia,42.05,43.576
2005,Iraq,132915,Asia,33.545,43.278
2005,Israel,1889503,Asia,30.992,34.834
2005,Jordan,2325414,Asia,30.681,36.279
2005,Kuwait,1333327,Asia,29.3169,47.4272
2005,Lebanon,756784,Asia,34.161,36.021
2005,Oman,666160,Asia,19.85,56.25
2005,Qatar,646026,Asia,25.3174,51.1522
2005,Saudi Arabia,6501819,Asia,24.191,44.32
2005,Palestine,266617,Asia,32.097,35.26
2005,Syria,878308,Asia,35.303,38.322
2005,Turkey,1319236,Asia,39.144,34.188
2005,United Arab Emirates,3281115,Asia,23.9299,53.9031
2005,Yemen,171871,Asia,15.569,47.793
2005,Kazakhstan,3103027,Asia,48.866,69.772
2005,Kyrgyzstan,309399,Asia,41.741,75.043
2005,Tajikistan,280466,Asia,38.367,72.597
2005,Turkmenistan,213053,Asia,39.584,59.597
2005,Uzbekistan,1329932,Asia,41.757,63.958
2005,Afghanistan,87300,Asia,34.023,65.5267
2005,Bangladesh,1166700,Asia,24.598,90.1963
2005,Bhutan,40279,Asia,27.5342,90.3002
2005,India,5923945,Asia,22.741,78.236
2005,Iran,2568930,Asia,33.408,54.0418
2005,Maldives,45045,Asia,4.221,73.463
2005,Nepal,679457,Asia,28.2114,83.5608
2005,Pakistan,3171132,Asia,28.1854,66.6429
2005,Sri Lanka,39526,Asia,7.3,80.727
2005,China,678947,Asia,35.1753,99.3877
2005,Hong Kong,2721235,Asia,22.4114,114.0599
2005,South Korea,40097,Asia,36.338,128.16
2005,Japan,2011555,Asia,35.962,137.855
2005,Mongolia,11477,Asia,46.516,102.564
2005,North Korea,486065,Asia,39.767,126.389
2005,Brunei,98441,Asia,4.452,114.557
2005,Cambodia,114031,Asia,12.69,104.444
2005,Indonesia,289568,Asia,-0.739,114.045
2005,Laos,20371,Asia,19.595,102.538
2005,Malaysia,1918504,Asia,4.416,102.099
2005,Myanmar,83025,Asia,21.841,96.05
2005,Philippines,257468,Asia,17.181,121.256
2005,Singapore,1710594,Asia,1.3389,103.8297
2005,Thailand,2163447,Asia,15.688,100.845
2005,Timor-Leste,11286,Asia,-8.856,125.556
2005,Vietnam,51768,Asia,21.75,105.373
2005,Anguilla,4684,North America ,18.2177,-63.0406
2005,Antigua and Barbuda,24741,North America ,17.625,-61.786
2005,Aruba,32540,North America ,12.5176,-69.9818
2005,Bahamas,45595,North America ,24.7032,-78.0455
2005,Barbados,30624,North America ,13.1898,-59.559
2005,British Virgin Islands,15016,North America ,18.4204,-64.64
2005,Cayman Islands,20679,North America ,19.3299,-81.1715
2005,Cuba,11935,North America ,20.571,-76.456
2005,Dominica,4744,North America ,15.4238,-61.3411
2005,Dominican Republic,376001,North America ,19.01,-70.1685
2005,Grenada,6902,North America ,12.111,-61.6867
2005,Guadeloupe,89065,North America ,16.2495,-61.5527
2005,Haiti,16360,North America ,19.3175,-72.4205
2005,Jamaica,24314,North America ,18.163,-77.477
2005,Martinique,57034,North America ,14.6366,-61.0154
2005,Montserrat,1244,North America ,16.7492,-62.1928
2005,Puerto Rico,352144,North America ,18.242,-66.643
2005,Saint Kitts and Nevis,6682,North America ,17.147,-62.58
2005,Saint Lucia,9842,North America ,13.909,-60.9776
2005,Saint Vincent and the Grenadines,4436,North America ,13.2528,-61.1949
2005,Trinidad and Tobago,44812,North America ,10.4435,-61.2604
2005,Turks and Caicos Islands,13115,North America ,21.7779,-71.7592
2005,Belize,41424,North America ,17.108,-88.744
2005,Costa Rica,358175,North America ,10.126,-84.075
2005,El Salvador,36019,North America ,13.848,-89.229
2005,Guatemala,57252,North America ,15.124,-90.711
2005,Honduras,27875,North America ,14.881,-87.123
2005,Mexico,712487,North America ,22.925,-101.68
2005,Nicaragua,34918,North America ,12.692,-85.03
2005,Panama,117563,North America ,8.348,-81.005
2005,Argentina,1673088,South America,-33.166,-64.31
2005,Bolivia,107745,South America,-16.71,-65.183
2005,Brazil,638582,South America,-11.694,-48.978
2005,Chile,276360,South America,-23.176,-69.201
2005,Colombia,107612,South America,3.794,-73.606
2005,Ecuador,187404,South America,-1.151,-78.308
2005,Falkland Islands,1166,South America,-51.663,-58.685
2005,French Guiana,86468,South America,3.9351,-53.0359
2005,Guyana,10868,South America,5.17,-58.939
2005,Paraguay,168243,South America,-23.266,-58.409
2005,Peru,77877,South America,-12.664,-72.98
2005,Suriname,33664,South America,4.248,-55.848
2005,Uruguay,82317,South America,-32.948,-56.249
2005,Venezuela,1076474,South America,6.983,-64.588
2005,Australia,4878030,Oceania,-24.578,133.582
2005,New Zealand,839952,Oceania,-42.558,172.377
2005,Fiji,12435,Oceania,-17.7941,177.9783
2005,New Caledonia,55405,Oceania,-21.02,165.062
2005,Papua New Guinea,30106,Oceania,-5.636,142.798
2005,Solomon Islands,3271,Oceania,-9.5987,160.1487
2005,Vanuatu,2800,Oceania,-15.339,166.89
2005,Micronesia,128390,Oceania,7.531,150.457
2005,Guam,74743,Oceania,13.45,144.7579
2005,Kiribati,2487,Oceania,2.048,-158.59
2005,Marshall Islands,2417,Oceania,5.961,169.651
2005,Nauru,2253,Oceania,-0.5287,166.9315
2005,Northern Mariana Islands,37542,Oceania,15.1905,145.7471
2005,Palau,6043,Oceania,7.5288,134.5573
2005,American Samoa,24233,Oceania,-14.3018,-170.7511
2005,Cook Islands,3277,Oceania,-21.202,-159.82
2005,French Polynesia,32286,Oceania,-17.529,-149.53
2005,Niue,522,Oceania,-19.033,-169.86
2005,Samoa,5746,Oceania,-13.6221,-172.439
2005,Tokelau,258,Oceania,-8.571,-172.48
2005,Tonga,4301,Oceania,-21.167,-175.19
2005,Tuvalu,209,Oceania,-7.4786,178.6758
2005,Wallis and Futuna,2191,Oceania,-13.2859,-176.2086
2005,Belarus,1106982,Europe,53.3292,27.9492
2005,Bulgaria,61074,Europe,42.625,24.521
2005,Czech Republic,322540,Europe,49.848,15.2812
2005,Hungary,366787,Europe,47.174,19.618
2005,Poland,722509,Europe,52.442,19.72
2005,Moldova,171122,Europe,47.524,28.444
2005,Romania,145162,Europe,45.933,25.119
2005,Russia,11667588,Europe,64.736,104.062
2005,Slovakia,130491,Europe,48.8595,19.4434
2005,Ukraine,5050302,Europe,49.364,32.132
2005,Denmark,440383,Europe,56.113,9.096
2005,Estonia,233701,Europe,58.777,25.977
2005,Faroe Islands,4583,Europe,62.1252,-7.0174
2005,Finland,192169,Europe,62.716,26.192
2005,Iceland,25492,Europe,64.826,-18.417
2005,Ireland,589046,Europe,53.214,-7.588
2005,Isle of Man,41475,Europe,54.2362,-4.5149
2005,Latvia,376725,Europe,57.017,25.0173
2005,Lithuania,201209,Europe,55.342,24.23
2005,Norway,361144,Europe,61.3701,9.3031
2005,Sweden,1125790,Europe,66.2188,19
2005,United Kingdom,5926156,Europe,52.289,-1.259
2005,Albania,64739,Europe,40.654,20.076
2005,Andorra,50298,Europe,42.5425,1.5893
2005,Bosnia and Herzegovina,47272,Europe,44.342,17.804
2005,Croatia,579273,Europe,45.754,16.385
2005,Gibraltar,9211,Europe,36.134,-5.3482
2005,Greece,1190707,Europe,39.787,21.617
2005,Italy,3954790,Europe,44.3713,11.1084
2005,Malta,24560,Europe,35.9024,14.4137
2005,Macedonia,127667,Europe,41.636,21.676
2005,Portugal,771184,Europe,40.957,-7.9373
2005,San Marino,4218,Europe,43.942,12.4611
2005,Serbia,854848,Europe,44.021,20.699
2005,Slovenia,217218,Europe,46.037,14.534
2005,Spain,4107226,Europe,40.617,-3.388
2005,Austria,1136270,Europe,47.65,14.705
2005,Belgium,1248733,Europe,50.6745,4.4588
2005,France,6737600,Europe,46.656,2.543
2005,Germany,9402447,Europe,51.3819,9.9877
2005,Liechtenstein,18898,Europe,47.1593,9.547
2005,Luxembourg,150618,Europe,49.671,6.113
2005,Monaco,21312,Europe,43.7384,7.4243
2005,Netherlands,1736127,Europe,52.1704,5.0102
2005,Switzerland,1805437,Europe,46.7794,8.0329
2005,Bermuda,18276,North America ,32.3019,-64.7737
2005,Canada,6078985,North America ,59.2067,-111.1937
2005,Greenland,6556,North America ,71,-39
2005,Saint Pierre and Miquelon,1147,North America ,46.9642,-56.3267
2005,United States of America,39258293,North America ,40.0792,-98.8164
2010,Burundi,235259,Africa,-3.333,29.749
2010,Comoros,12618,Africa,-11.6527,43.3307
2010,Djibouti,101575,Africa,11.41,42.165
2010,Eritrea,15676,Africa,15.982,38.02
2010,Ethiopia,568748,Africa,8.435,38.786
2010,Kenya,954925,Africa,0.806,38.166
2010,Madagascar,28905,Africa,-19.615,46.645
2010,Malawi,217722,Africa,-13.2731,33.7428
2010,Mauritius,24836,Africa,-20.2529,57.5902
2010,Mayotte,72757,Africa,-12.8252,45.1494
2010,Mozambique,306471,Africa,-13.852,38.042
2010,Réunion,123029,Africa,-21.1313,55.537
2010,Rwanda,426901,Africa,-1.887,29.904
2010,Seychelles,11420,Africa,-4.6841,55.4924
2010,Somalia,48106,Africa,2.875,43.446
2010,South Sudan,257905,Africa,#N/A,#N/A
2010,Uganda,492930,Africa,1.9392,32.7415
2010,Tanzania,309847,Africa,-5.651,34.146
2010,Zambia,149962,Africa,-15.13,25.268
2010,Zimbabwe,398307,Africa,-19.098,30.047
2010,Angola,332126,Africa,-12.836,17.808
2010,Cameroon,291474,Africa,4.4,12.131
2010,Central African Republic,93466,Africa,7.043,21.424
2010,Chad,416924,Africa,15.981,18.781
2010,Republic of Congo,425173,Africa,0.509,16.08
2010,Democratic Republic of the Congo,588950,Africa,-1.418,23.607
2010,Equatorial Guinea,8658,Africa,1.6342,10.4695
2010,Gabon,270829,Africa,-0.406,11.914
2010,Sao Tome and Principe,2700,Africa,0.216,6.595
2010,Botswana,94614,Africa,-22.126,23.662
2010,Lesotho,6414,Africa,-29.446,28.371
2010,Namibia,103826,Africa,-21.276,17.219
2010,South Africa,2114801,Africa,-31.7,23.441
2010,Benin,309124,Africa,10.478,2.274
2010,Burkina Faso,674438,Africa,12.673,-1.226
2010,Cape Verde,14373,Africa,15.416,-23.36
2010,Côte d'Ivoire,2366537,Africa,7.497,-5.336
2010,Gambia,185763,Africa,13.499,-14.641
2010,Ghana,337017,Africa,7.258,-1.062
2010,Guinea,177998,Africa,10.599,-10.907
2010,Guinea-Bissau,21061,Africa,12.191,-14.475
2010,Liberia,99129,Africa,6.51,-9.33
2010,Mali,339375,Africa,18.211,-2.209
2010,Mauritania,84679,Africa,19.413,-10.6528
2010,Niger,126464,Africa,16.996,9.915
2010,Nigeria,988679,Africa,9.3417,7.678
2010,Saint Helena,248,Africa,-40.289,-10.033
2010,Senegal,256092,Africa,15.044,-15.081
2010,Sierra Leone,79055,Africa,8.677,-11.779
2010,Togo,255413,Africa,7.7,1.106
2010,Algeria,216964,Africa,28.6045,2.64
2010,Egypt,310017,Africa,26.16,28.742
2010,Libya,683998,Africa,27.24,17.571
2010,Morocco,70909,Africa,31.129,-7.355
2010,Sudan,618709,Africa,15.739,29.533
2010,Tunisia,43172,Africa,35.594,9.421
2010,Western Sahara,4493,Africa,24.4813,-13.6266
2010,Armenia,211147,Asia,40.56,44.449
2010,Azerbaijan,276901,Asia,40.46,47.883
2010,Bahrain,657856,Asia,26.025,50.5534
2010,Cyprus,191866,Asia,34.894,32.928
2010,Georgia,73034,Asia,42.05,43.576
2010,Iraq,117389,Asia,33.545,43.278
2010,Israel,1950615,Asia,30.992,34.834
2010,Jordan,2722983,Asia,30.681,36.279
2010,Kuwait,1871537,Asia,29.3169,47.4272
2010,Lebanon,820655,Asia,34.161,36.021
2010,Oman,816221,Asia,19.85,56.25
2010,Qatar,1456413,Asia,25.3174,51.1522
2010,Saudi Arabia,8429956,Asia,24.191,44.32
2010,Palestine,258032,Asia,32.097,35.26
2010,Syria,1787561,Asia,35.303,38.322
2010,Turkey,1367034,Asia,39.144,34.188
2010,United Arab Emirates,7316697,Asia,23.9299,53.9031
2010,Yemen,288394,Asia,15.569,47.793
2010,Kazakhstan,3334937,Asia,48.866,69.772
2010,Kyrgyzstan,232065,Asia,41.741,75.043
2010,Tajikistan,279808,Asia,38.367,72.597
2010,Turkmenistan,197979,Asia,39.584,59.597
2010,Uzbekistan,1220149,Asia,41.757,63.958
2010,Afghanistan,102246,Asia,34.023,65.5267
2010,Bangladesh,1345546,Asia,24.598,90.1963
2010,Bhutan,48420,Asia,27.5342,90.3002
2010,India,5439758,Asia,22.741,78.236
2010,Iran,2761561,Asia,33.408,54.0418
2010,Maldives,54659,Asia,4.221,73.463
2010,Nepal,578657,Asia,28.2114,83.5608
2010,Pakistan,3941586,Asia,28.1854,66.6429
2010,Sri Lanka,38959,Asia,7.3,80.727
2010,China,849861,Asia,35.1753,99.3877
2010,Hong Kong,2779950,Asia,22.4114,114.0599
2010,South Korea,44010,Asia,36.338,128.16
2010,Japan,2134151,Asia,35.962,137.855
2010,Mongolia,16062,Asia,46.516,102.564
2010,North Korea,919987,Asia,39.767,126.389
2010,Brunei,100587,Asia,4.452,114.557
2010,Cambodia,81977,Asia,12.69,104.444
2010,Indonesia,305416,Asia,-0.739,114.045
2010,Laos,32955,Asia,19.595,102.538
2010,Malaysia,2417395,Asia,4.416,102.099
2010,Myanmar,76414,Asia,21.841,96.05
2010,Philippines,208599,Asia,17.181,121.256
2010,Singapore,2164794,Asia,1.3389,103.8297
2010,Thailand,3224131,Asia,15.688,100.845
2010,Timor-Leste,11540,Asia,-8.856,125.556
2010,Vietnam,61756,Asia,21.75,105.373
2010,Anguilla,5103,North America ,18.2177,-63.0406
2010,Antigua and Barbuda,26412,North America ,17.625,-61.786
2010,Aruba,34327,North America ,12.5176,-69.9818
2010,Bahamas,54736,North America ,24.7032,-78.0455
2010,Barbados,32825,North America ,13.1898,-59.559
2010,British Virgin Islands,17074,North America ,18.4204,-64.64
2010,Cayman Islands,24057,North America ,19.3299,-81.1715
2010,Cuba,6640,North America ,20.571,-76.456
2010,Dominica,8110,North America ,15.4238,-61.3411
2010,Dominican Republic,393720,North America ,19.01,-70.1685
2010,Grenada,6980,North America ,12.111,-61.6867
2010,Guadeloupe,94942,North America ,16.2495,-61.5527
2010,Haiti,17178,North America ,19.3175,-72.4205
2010,Jamaica,23677,North America ,18.163,-77.477
2010,Martinique,59575,North America ,14.6366,-61.0154
2010,Montserrat,1291,North America ,16.7492,-62.1928
2010,Puerto Rico,304969,North America ,18.242,-66.643
2010,Saint Kitts and Nevis,7245,North America ,17.147,-62.58
2010,Saint Lucia,9051,North America ,13.909,-60.9776
2010,Saint Vincent and the Grenadines,4569,North America ,13.2528,-61.1949
2010,Trinidad and Tobago,48226,North America ,10.4435,-61.2604
2010,Turks and Caicos Islands,17216,North America ,21.7779,-71.7592
2010,Belize,46360,North America ,17.108,-88.744
2010,Costa Rica,405404,North America ,10.126,-84.075
2010,El Salvador,40324,North America ,13.848,-89.229
2010,Guatemala,66384,North America ,15.124,-90.711
2010,Honduras,27288,North America ,14.881,-87.123
2010,Mexico,969538,North America ,22.925,-101.68
2010,Nicaragua,37333,North America ,12.692,-85.03
2010,Panama,157309,North America ,8.348,-81.005
2010,Argentina,1805957,South America,-33.166,-64.31
2010,Bolivia,122846,South America,-16.71,-65.183
2010,Brazil,592568,South America,-11.694,-48.978
2010,Chile,375388,South America,-23.176,-69.201
2010,Colombia,124271,South America,3.794,-73.606
2010,Ecuador,325366,South America,-1.151,-78.308
2010,Falkland Islands,1436,South America,-51.663,-58.685
2010,French Guiana,96288,South America,3.9351,-53.0359
2010,Guyana,13126,South America,5.17,-58.939
2010,Paraguay,160299,South America,-23.266,-58.409
2010,Peru,104706,South America,-12.664,-72.98
2010,Suriname,39713,South America,4.248,-55.848
2010,Uruguay,76303,South America,-32.948,-56.249
2010,Venezuela,1347347,South America,6.983,-64.588
2010,Australia,5882980,Oceania,-24.578,133.582
2010,New Zealand,947443,Oceania,-42.558,172.377
2010,Fiji,13351,Oceania,-17.7941,177.9783
2010,New Caledonia,61158,Oceania,-21.02,165.062
2010,Papua New Guinea,30425,Oceania,-5.636,142.798
2010,Solomon Islands,2760,Oceania,-9.5987,160.1487
2010,Vanuatu,2991,Oceania,-15.339,166.89
2010,Micronesia,115020,Oceania,7.531,150.457
2010,Guam,75416,Oceania,13.45,144.7579
2010,Kiribati,2868,Oceania,2.048,-158.59
2010,Marshall Islands,3089,Oceania,5.961,169.651
2010,Nauru,1183,Oceania,-0.5287,166.9315
2010,Northern Mariana Islands,24168,Oceania,15.1905,145.7471
2010,Palau,5490,Oceania,7.5288,134.5573
2010,American Samoa,23555,Oceania,-14.3018,-170.7511
2010,Cook Islands,3769,Oceania,-21.202,-159.82
2010,French Polynesia,31640,Oceania,-17.529,-149.53
2010,Niue,589,Oceania,-19.033,-169.86
2010,Samoa,5122,Oceania,-13.6221,-172.439
2010,Tokelau,429,Oceania,-8.571,-172.48
2010,Tonga,4604,Oceania,-21.167,-175.19
2010,Tuvalu,220,Oceania,-7.4786,178.6758
2010,Wallis and Futuna,1624,Oceania,-13.2859,-176.2086
2010,Belarus,1090378,Europe,53.3292,27.9492
2010,Bulgaria,76287,Europe,42.625,24.521
2010,Czech Republic,398493,Europe,49.848,15.2812
2010,Hungary,436616,Europe,47.174,19.618
2010,Poland,642417,Europe,52.442,19.72
2010,Moldova,129488,Europe,47.524,28.444
2010,Romania,177211,Europe,45.933,25.119
2010,Russia,11194710,Europe,64.736,104.062
2010,Slovakia,146319,Europe,48.8595,19.4434
2010,Ukraine,4818767,Europe,49.364,32.132
2010,Denmark,500772,Europe,56.113,9.096
2010,Estonia,217890,Europe,58.777,25.977
2010,Faroe Islands,5096,Europe,62.1252,-7.0174
2010,Finland,228481,Europe,62.716,26.192
2010,Iceland,35091,Europe,64.826,-18.417
2010,Ireland,730542,Europe,53.214,-7.588
2010,Isle of Man,43447,Europe,54.2362,-4.5149
2010,Latvia,313786,Europe,57.017,25.0173
2010,Lithuania,160772,Europe,55.342,24.23
2010,Norway,526799,Europe,61.3701,9.3031
2010,Sweden,1384929,Europe,66.2188,19
2010,United Kingdom,7119664,Europe,52.289,-1.259
2010,Albania,52784,Europe,40.654,20.076
2010,Andorra,52053,Europe,42.5425,1.5893
2010,Bosnia and Herzegovina,38792,Europe,44.342,17.804
2010,Croatia,573248,Europe,45.754,16.385
2010,Gibraltar,10369,Europe,36.134,-5.3482
2010,Greece,1321149,Europe,39.787,21.617
2010,Italy,5787893,Europe,44.3713,11.1084
2010,Malta,33008,Europe,35.9024,14.4137
2010,Montenegro,78512,Europe,42.857,19.096
2010,Macedonia,129701,Europe,41.636,21.676
2010,Portugal,762825,Europe,40.957,-7.9373
2010,San Marino,4880,Europe,43.942,12.4611
2010,Serbia,826275,Europe,44.021,20.699
2010,Slovenia,253786,Europe,46.037,14.534
2010,Spain,6280065,Europe,40.617,-3.388
2010,Austria,1275992,Europe,47.65,14.705
2010,Belgium,1503806,Europe,50.6745,4.4588
2010,France,7309986,Europe,46.656,2.543
2010,Germany,9812263,Europe,51.3819,9.9877
2010,Liechtenstein,22342,Europe,47.1593,9.547
2010,Luxembourg,163142,Europe,49.671,6.113
2010,Monaco,21132,Europe,43.7384,7.4243
2010,Netherlands,1832510,Europe,52.1704,5.0102
2010,Switzerland,2075182,Europe,46.7794,8.0329
2010,Bermuda,18884,North America ,32.3019,-64.7737
2010,Canada,6761226,North America ,59.2067,-111.1937
2010,Greenland,6091,North America ,71,-39
2010,Saint Pierre and Miquelon,1017,North America ,46.9642,-56.3267
2010,United States of America,44183643,North America ,40.0792,-98.8164
2015,Burundi,289810,Africa,-3.333,29.749
2015,Comoros,12555,Africa,-11.6527,43.3307
2015,Djibouti,112351,Africa,11.41,42.165
2015,Eritrea,15941,Africa,15.982,38.02
2015,Ethiopia,1161642,Africa,8.435,38.786
2015,Kenya,1126886,Africa,0.806,38.166
2015,Madagascar,32075,Africa,-19.615,46.645
2015,Malawi,232803,Africa,-13.2731,33.7428
2015,Mauritius,28585,Africa,-20.2529,57.5902
2015,Mayotte,73992,Africa,-12.8252,45.1494
2015,Mozambique,321794,Africa,-13.852,38.042
2015,Réunion,127209,Africa,-21.1313,55.537
2015,Rwanda,514647,Africa,-1.887,29.904
2015,Seychelles,12791,Africa,-4.6841,55.4924
2015,Somalia,40990,Africa,2.875,43.446
2015,Uganda,851175,Africa,1.9392,32.7415
2015,Tanzania,384567,Africa,-5.651,34.146
2015,Zambia,132107,Africa,-15.13,25.268
2015,Zimbabwe,400482,Africa,-19.098,30.047
2015,Angola,632178,Africa,-12.836,17.808
2015,Cameroon,508346,Africa,4.4,12.131
2015,Central African Republic,81598,Africa,7.043,21.424
2015,Chad,466968,Africa,15.981,18.781
2015,Republic of Congo,390142,Africa,0.509,16.08
2015,Democratic Republic of the Congo,824492,Africa,-1.418,23.607
2015,Equatorial Guinea,209611,Africa,1.6342,10.4695
2015,Gabon,378686,Africa,-0.406,11.914
2015,Sao Tome and Principe,2394,Africa,0.216,6.595
2015,Botswana,103268,Africa,-22.126,23.662
2015,Lesotho,6572,Africa,-29.446,28.371
2015,Namibia,101618,Africa,-21.276,17.219
2015,South Africa,3816695,Africa,-31.7,23.441
2015,Benin,366284,Africa,10.478,2.274
2015,Burkina Faso,704676,Africa,12.673,-1.226
2015,Cape Verde,14924,Africa,15.416,-23.36
2015,Côte d'Ivoire,2467984,Africa,7.497,-5.336
2015,Gambia,192540,Africa,13.499,-14.641
2015,Ghana,414744,Africa,7.258,-1.062
2015,Guinea,126386,Africa,10.599,-10.907
2015,Guinea-Bissau,22333,Africa,12.191,-14.475
2015,Liberia,113779,Africa,6.51,-9.33
2015,Mali,420504,Africa,18.211,-2.209
2015,Mauritania,166552,Africa,19.413,-10.6528
2015,Niger,252998,Africa,16.996,9.915
2015,Nigeria,1199115,Africa,9.3417,7.678
2015,Saint Helena,377,Africa,-40.289,-10.033
2015,Senegal,266496,Africa,15.044,-15.081
2015,Sierra Leone,58813,Africa,8.677,-11.779
2015,Togo,277384,Africa,7.7,1.106
2015,Algeria,239473,Africa,28.6045,2.64
2015,Egypt,353641,Africa,26.16,28.742
2015,Libya,771146,Africa,27.24,17.571
2015,Morocco,92424,Africa,31.129,-7.355
2015,Sudan,620523,Africa,15.739,29.533
2015,Tunisia,56532,Africa,35.594,9.421
2015,Western Sahara,5179,Africa,24.4813,-13.6266
2015,Armenia,191199,Asia,40.56,44.449
2015,Azerbaijan,264241,Asia,40.46,47.883
2015,Bahrain,704137,Asia,26.025,50.5534
2015,Cyprus,192020,Asia,34.894,32.928
2015,Georgia,76685,Asia,42.05,43.576
2015,Iraq,359381,Asia,33.545,43.278
2015,Israel,2011727,Asia,30.992,34.834
2015,Jordan,3112026,Asia,30.681,36.279
2015,Kuwait,2866136,Asia,29.3169,47.4272
2015,Lebanon,1973204,Asia,34.161,36.021
2015,Oman,1856226,Asia,19.85,56.25
2015,Qatar,1687640,Asia,25.3174,51.1522
2015,Saudi Arabia,10771366,Asia,24.191,44.32
2015,Palestine,255507,Asia,32.097,35.26
2015,Syria,871174,Asia,35.303,38.322
2015,Turkey,4346197,Asia,39.144,34.188
2015,United Arab Emirates,7995126,Asia,23.9299,53.9031
2015,Yemen,379882,Asia,15.569,47.793
2015,Kazakhstan,3546060,Asia,48.866,69.772
2015,Kyrgyzstan,204382,Asia,41.741,75.043
2015,Tajikistan,275101,Asia,38.367,72.597
2015,Turkmenistan,196376,Asia,39.584,59.597
2015,Uzbekistan,1170873,Asia,41.757,63.958
2015,Afghanistan,489749,Asia,34.023,65.5267
2015,Bangladesh,1422805,Asia,24.598,90.1963
2015,Bhutan,51106,Asia,27.5342,90.3002
2015,India,5240960,Asia,22.741,78.236
2015,Iran,2726420,Asia,33.408,54.0418
2015,Maldives,64273,Asia,4.221,73.463
2015,Nepal,509471,Asia,28.2114,83.5608
2015,Pakistan,3506520,Asia,28.1854,66.6429
2015,Sri Lanka,39706,Asia,7.3,80.727
2015,China,978046,Asia,35.1753,99.3877
2015,Hong Kong,2838665,Asia,22.4114,114.0599
2015,South Korea,48458,Asia,36.338,128.16
2015,Japan,2232189,Asia,35.962,137.855
2015,Mongolia,19886,Asia,46.516,102.564
2015,North Korea,1143087,Asia,39.767,126.389
2015,Brunei,102733,Asia,4.452,114.557
2015,Cambodia,73963,Asia,12.69,104.444
2015,Indonesia,338124,Asia,-0.739,114.045
2015,Laos,45538,Asia,19.595,102.538
2015,Malaysia,3280681,Asia,4.416,102.099
2015,Myanmar,73309,Asia,21.841,96.05
2015,Philippines,211862,Asia,17.181,121.256
2015,Singapore,2543638,Asia,1.3389,103.8297
2015,Thailand,3486526,Asia,15.688,100.845
2015,Timor-Leste,8520,Asia,-8.856,125.556
2015,Vietnam,72793,Asia,21.75,105.373
2015,Anguilla,5470,North America ,18.2177,-63.0406
2015,Antigua and Barbuda,28083,North America ,17.625,-61.786
2015,Aruba,36114,North America ,12.5176,-69.9818
2015,Bahamas,59306,North America ,24.7032,-78.0455
2015,Barbados,34475,North America ,13.1898,-59.559
2015,British Virgin Islands,19132,North America ,18.4204,-64.64
2015,Cayman Islands,26177,North America ,19.3299,-81.1715
2015,Cuba,5312,North America ,20.571,-76.456
2015,Dominica,8093,North America ,15.4238,-61.3411
2015,Dominican Republic,549289,North America ,19.01,-70.1685
2015,Grenada,7057,North America ,12.111,-61.6867
2015,Guadeloupe,98507,North America ,16.2495,-61.5527
2015,Haiti,18036,North America ,19.3175,-72.4205
2015,Jamaica,23167,North America ,18.163,-77.477
2015,Martinique,61731,North America ,14.6366,-61.0154
2015,Montserrat,1351,North America ,16.7492,-62.1928
2015,Puerto Rico,280494,North America ,18.242,-66.643
2015,Saint Kitts and Nevis,7443,North America ,17.147,-62.58
2015,Saint Lucia,8673,North America ,13.909,-60.9776
2015,Saint Vincent and the Grenadines,4637,North America ,13.2528,-61.1949
2015,Trinidad and Tobago,50021,North America ,10.4435,-61.2604
2015,Turks and Caicos Islands,22719,North America ,21.7779,-71.7592
2015,Belize,54674,North America ,17.108,-88.744
2015,Costa Rica,411697,North America ,10.126,-84.075
2015,El Salvador,42045,North America ,13.848,-89.229
2015,Guatemala,78352,North America ,15.124,-90.711
2015,Honduras,38317,North America ,14.881,-87.123
2015,Mexico,1028803,North America ,22.925,-101.68
2015,Nicaragua,40262,North America ,12.692,-85.03
2015,Panama,184710,North America ,8.348,-81.005
2015,Argentina,2086302,South America,-33.166,-64.31
2015,Bolivia,142989,South America,-16.71,-65.183
2015,Brazil,716568,South America,-11.694,-48.978
2015,Chile,639724,South America,-23.176,-69.201
2015,Colombia,139134,South America,3.794,-73.606
2015,Ecuador,387513,South America,-1.151,-78.308
2015,Falkland Islands,1571,South America,-51.663,-58.685
2015,French Guiana,106108,South America,3.9351,-53.0359
2015,Guyana,15384,South America,5.17,-58.939
2015,Paraguay,156462,South America,-23.266,-58.409
2015,Peru,154774,South America,-12.664,-72.98
2015,Suriname,43127,South America,4.248,-55.848
2015,Uruguay,78799,South America,-32.948,-56.249
2015,Venezuela,1404448,South America,6.983,-64.588
2015,Australia,6729730,Oceania,-24.578,133.582
2015,New Zealand,1039736,Oceania,-42.558,172.377
2015,Fiji,13751,Oceania,-17.7941,177.9783
2015,New Caledonia,68881,Oceania,-21.02,165.062
2015,Papua New Guinea,30940,Oceania,-5.636,142.798
2015,Solomon Islands,2585,Oceania,-9.5987,160.1487
2015,Vanuatu,3187,Oceania,-15.339,166.89
2015,Micronesia,113523,Oceania,7.531,150.457
2015,Guam,76089,Oceania,13.45,144.7579
2015,Kiribati,2919,Oceania,2.048,-158.59
2015,Marshall Islands,3284,Oceania,5.961,169.651
2015,Nauru,1890,Oceania,-0.5287,166.9315
2015,Northern Mariana Islands,21648,Oceania,15.1905,145.7471
2015,Palau,4937,Oceania,7.5288,134.5573
2015,American Samoa,23513,Oceania,-14.3018,-170.7511
2015,Cook Islands,3477,Oceania,-21.202,-159.82
2015,French Polynesia,30058,Oceania,-17.529,-149.53
2015,Niue,588,Oceania,-19.033,-169.86
2015,Samoa,4252,Oceania,-13.6221,-172.439
2015,Tokelau,487,Oceania,-8.571,-172.48
2015,Tonga,3954,Oceania,-21.167,-175.19
2015,Tuvalu,230,Oceania,-7.4786,178.6758
2015,Wallis and Futuna,1052,Oceania,-13.2859,-176.2086
2015,Belarus,1082905,Europe,53.3292,27.9492
2015,Bulgaria,123803,Europe,42.625,24.521
2015,Czech Republic,416454,Europe,49.848,15.2812
2015,Hungary,475508,Europe,47.174,19.618
2015,Poland,619403,Europe,52.442,19.72
2015,Moldova,106374,Europe,47.524,28.444
2015,Romania,281048,Europe,45.933,25.119
2015,Russia,11643276,Europe,64.736,104.062
2015,Slovakia,177624,Europe,48.8595,19.4434
2015,Ukraine,4915142,Europe,49.364,32.132
2015,Denmark,595876,Europe,56.113,9.096
2015,Estonia,194664,Europe,58.777,25.977
2015,Faroe Islands,5485,Europe,62.1252,-7.0174
2015,Finland,314856,Europe,62.716,26.192
2015,Iceland,39072,Europe,64.826,-18.417
2015,Ireland,759256,Europe,53.214,-7.588
2015,Isle of Man,42238,Europe,54.2362,-4.5149
2015,Latvia,265418,Europe,57.017,25.0173
2015,Lithuania,136021,Europe,55.342,24.23
2015,Norway,746375,Europe,61.3701,9.3031
2015,Sweden,1676264,Europe,66.2188,19
2015,United Kingdom,8411569,Europe,52.289,-1.259
2015,Albania,52031,Europe,40.654,20.076
2015,Andorra,42264,Europe,42.5425,1.5893
2015,Bosnia and Herzegovina,38574,Europe,44.342,17.804
2015,Croatia,561093,Europe,45.754,16.385
2015,Gibraltar,11065,Europe,36.134,-5.3482
2015,Greece,1242924,Europe,39.787,21.617
2015,Italy,5805328,Europe,44.3713,11.1084
2015,Malta,52642,Europe,35.9024,14.4137
2015,Montenegro,71719,Europe,42.857,19.096
2015,Macedonia,130730,Europe,41.636,21.676
2015,Portugal,864814,Europe,40.957,-7.9373
2015,San Marino,5195,Europe,43.942,12.4611
2015,Serbia,807441,Europe,44.021,20.699
2015,Slovenia,237616,Europe,46.037,14.534
2015,Spain,5891208,Europe,40.617,-3.388
2015,Austria,1492374,Europe,47.65,14.705
2015,Belgium,1783488,Europe,50.6745,4.4588
2015,France,7874172,Europe,46.656,2.543
2015,Germany,10220418,Europe,51.3819,9.9877
2015,Liechtenstein,23799,Europe,47.1593,9.547
2015,Luxembourg,248888,Europe,49.671,6.113
2015,Monaco,25983,Europe,43.7384,7.4243
2015,Netherlands,1996318,Europe,52.1704,5.0102
2015,Switzerland,2416394,Europe,46.7794,8.0329
2015,Bermuda,19126,North America ,32.3019,-64.7737
2015,Canada,7428657,North America ,59.2067,-111.1937
2015,Greenland,5797,North America ,71,-39
2015,Saint Pierre and Miquelon,986,North America ,46.9642,-56.3267
2015,United States of America,48178877,North America ,40.0792,-98.8164
2019,Burundi,321018,Africa,-3.333,29.749
2019,Comoros,12504,Africa,-11.6527,43.3307
2019,Djibouti,115341,Africa,11.41,42.165
2019,Eritrea,16101,Africa,15.982,38.02
2019,Ethiopia,1253083,Africa,8.435,38.786
2019,Kenya,1044854,Africa,0.806,38.166
2019,Madagascar,34934,Africa,-19.615,46.645
2019,Malawi,247652,Africa,-13.2731,33.7428
2019,Mauritius,28849,Africa,-20.2529,57.5902
2019,Mayotte,74643,Africa,-12.8252,45.1494
2019,Mozambique,334665,Africa,-13.852,38.042
2019,Réunion,129153,Africa,-21.1313,55.537
2019,Rwanda,539932,Africa,-1.887,29.904
2019,Seychelles,12926,Africa,-4.6841,55.4924
2019,Somalia,52131,Africa,2.875,43.446
2019,Uganda,1734166,Africa,1.9392,32.7415
2019,Tanzania,509166,Africa,-5.651,34.146
2019,Zambia,170249,Africa,-15.13,25.268
2019,Zimbabwe,411257,Africa,-19.098,30.047
2019,Angola,669479,Africa,-12.836,17.808
2019,Cameroon,505692,Africa,4.4,12.131
2019,Central African Republic,90649,Africa,7.043,21.424
2019,Chad,512230,Africa,15.981,18.781
2019,Republic of Congo,402142,Africa,0.509,16.08
2019,Democratic Republic of the Congo,963833,Africa,-1.418,23.607
2019,Equatorial Guinea,227617,Africa,1.6342,10.4695
2019,Gabon,411463,Africa,-0.406,11.914
2019,Sao Tome and Principe,2174,Africa,0.216,6.595
2019,Botswana,110596,Africa,-22.126,23.662
2019,Lesotho,6928,Africa,-29.446,28.371
2019,Namibia,107561,Africa,-21.276,17.219
2019,South Africa,4224256,Africa,-31.7,23.441
2019,Benin,390112,Africa,10.478,2.274
2019,Burkina Faso,718338,Africa,12.673,-1.226
2019,Cape Verde,15664,Africa,15.416,-23.36
2019,Côte d'Ivoire,2549141,Africa,7.497,-5.336
2019,Gambia,215406,Africa,13.499,-14.641
2019,Ghana,466780,Africa,7.258,-1.062
2019,Guinea,120642,Africa,10.599,-10.907
2019,Guinea-Bissau,26916,Africa,12.191,-14.475
2019,Liberia,94448,Africa,6.51,-9.33
2019,Mali,468230,Africa,18.211,-2.209
2019,Mauritania,172987,Africa,19.413,-10.6528
2019,Niger,294161,Africa,16.996,9.915
2019,Nigeria,1256408,Africa,9.3417,7.678
2019,Saint Helena,433,Africa,-40.289,-10.033
2019,Senegal,275239,Africa,15.044,-15.081
2019,Sierra Leone,54332,Africa,8.677,-11.779
2019,Togo,279142,Africa,7.7,1.106
2019,Algeria,249075,Africa,28.6045,2.64
2019,Egypt,504053,Africa,26.16,28.742
2019,Libya,818216,Africa,27.24,17.571
2019,Morocco,98574,Africa,31.129,-7.355
2019,Sudan,1223092,Africa,15.739,29.533
2019,Tunisia,57455,Africa,35.594,9.421
2019,Western Sahara,5384,Africa,24.4813,-13.6266
2019,Armenia,190159,Asia,40.56,44.449
2019,Azerbaijan,253887,Asia,40.46,47.883
2019,Bahrain,741161,Asia,26.025,50.5534
2019,Cyprus,191922,Asia,34.894,32.928
2019,Georgia,79035,Asia,42.05,43.576
2019,Iraq,368062,Asia,33.545,43.278
2019,Israel,1956346,Asia,30.992,34.834
2019,Jordan,3346703,Asia,30.681,36.279
2019,Kuwait,3034845,Asia,29.3169,47.4272
2019,Lebanon,1863873,Asia,34.161,36.021
2019,Oman,2286226,Asia,19.85,56.25
2019,Qatar,2229688,Asia,25.3174,51.1522
2019,Saudi Arabia,13122338,Asia,24.191,44.32
2019,Palestine,253735,Asia,32.097,35.26
2019,Syria,867848,Asia,35.303,38.322
2019,Turkey,5876829,Asia,39.144,34.188
2019,United Arab Emirates,8587256,Asia,23.9299,53.9031
2019,Yemen,385628,Asia,15.569,47.793
2019,Kazakhstan,3705556,Asia,48.866,69.772
2019,Kyrgyzstan,200260,Asia,41.741,75.043
2019,Tajikistan,274071,Asia,38.367,72.597
2019,Turkmenistan,195127,Asia,39.584,59.597
2019,Uzbekistan,1168384,Asia,41.757,63.958
2019,Afghanistan,149762,Asia,34.023,65.5267
2019,Bangladesh,2185613,Asia,24.598,90.1963
2019,Bhutan,53254,Asia,27.5342,90.3002
2019,India,5154737,Asia,22.741,78.236
2019,Iran,2682214,Asia,33.408,54.0418
2019,Maldives,69249,Asia,4.221,73.463
2019,Nepal,490802,Asia,28.2114,83.5608
2019,Pakistan,3257978,Asia,28.1854,66.6429
2019,Sri Lanka,40018,Asia,7.3,80.727
2019,China,1030871,Asia,35.1753,99.3877
2019,Hong Kong,2942254,Asia,22.4114,114.0599
2019,South Korea,49393,Asia,36.338,128.16
2019,Japan,2498891,Asia,35.962,137.855
2019,Mongolia,21128,Asia,46.516,102.564
2019,North Korea,1163655,Asia,39.767,126.389
2019,Brunei,110641,Asia,4.452,114.557
2019,Cambodia,78649,Asia,12.69,104.444
2019,Indonesia,353135,Asia,-0.739,114.045
2019,Laos,48275,Asia,19.595,102.538
2019,Malaysia,3430380,Asia,4.416,102.099
2019,Myanmar,75998,Asia,21.841,96.05
2019,Philippines,218530,Asia,17.181,121.256
2019,Singapore,2155653,Asia,1.3389,103.8297
2019,Thailand,3635085,Asia,15.688,100.845
2019,Timor-Leste,8417,Asia,-8.856,125.556
2019,Vietnam,76104,Asia,21.75,105.373
2019,Anguilla,5679,North America ,18.2177,-63.0406
2019,Antigua and Barbuda,29207,North America ,17.625,-61.786
2019,Aruba,36532,North America ,12.5176,-69.9818
2019,Bahamas,62962,North America ,24.7032,-78.0455
2019,Barbados,34807,North America ,13.1898,-59.559
2019,British Virgin Islands,20778,North America ,18.4204,-64.64
2019,Cayman Islands,28985,North America ,19.3299,-81.1715
2019,Cuba,4886,North America ,20.571,-76.456
2019,Dominica,8264,North America ,15.4238,-61.3411
2019,Dominican Republic,567648,North America ,19.01,-70.1685
2019,Grenada,7124,North America ,12.111,-61.6867
2019,Guadeloupe,100030,North America ,16.2495,-61.5527
2019,Haiti,18756,North America ,19.3175,-72.4205
2019,Jamaica,23468,North America ,18.163,-77.477
2019,Martinique,61647,North America ,14.6366,-61.0154
2019,Montserrat,1375,North America ,16.7492,-62.1928
2019,Puerto Rico,266828,North America ,18.242,-66.643
2019,Saint Kitts and Nevis,7587,North America ,17.147,-62.58
2019,Saint Lucia,8383,North America ,13.909,-60.9776
2019,Saint Vincent and the Grenadines,4692,North America ,13.2528,-61.1949
2019,Trinidad and Tobago,59249,North America ,10.4435,-61.2604
2019,Turks and Caicos Islands,24534,North America ,21.7779,-71.7592
2019,Belize,59998,North America ,17.108,-88.744
2019,Costa Rica,417768,North America ,10.126,-84.075
2019,El Salvador,42617,North America ,13.848,-89.229
2019,Guatemala,80421,North America ,15.124,-90.711
2019,Honduras,38933,North America ,14.881,-87.123
2019,Mexico,1060707,North America ,22.925,-101.68
2019,Nicaragua,42172,North America ,12.692,-85.03
2019,Panama,185072,North America ,8.348,-81.005
2019,Argentina,2212879,South America,-33.166,-64.31
2019,Bolivia,156114,South America,-16.71,-65.183
2019,Brazil,807006,South America,-11.694,-48.978
2019,Chile,939992,South America,-23.176,-69.201
2019,Colombia,1142319,South America,3.794,-73.606
2019,Ecuador,381507,South America,-1.151,-78.308
2019,Falkland Islands,1902,South America,-51.663,-58.685
2019,French Guiana,117372,South America,3.9351,-53.0359
2019,Guyana,15699,South America,5.17,-58.939
2019,Paraguay,160519,South America,-23.266,-58.409
2019,Peru,782169,South America,-12.664,-72.98
2019,Suriname,46157,South America,4.248,-55.848
2019,Uruguay,81482,South America,-32.948,-56.249
2019,Venezuela,1375690,South America,6.983,-64.588
2019,Australia,7549270,Oceania,-24.578,133.582
2019,New Zealand,1068739,Oceania,-42.558,172.377
2019,Fiji,14038,Oceania,-17.7941,177.9783
2019,New Caledonia,72537,Oceania,-21.02,165.062
2019,Papua New Guinea,31212,Oceania,-5.636,142.798
2019,Solomon Islands,2532,Oceania,-9.5987,160.1487
2019,Vanuatu,3245,Oceania,-15.339,166.89
2019,Micronesia,117978,Oceania,7.531,150.457
2019,Guam,79846,Oceania,13.45,144.7579
2019,Kiribati,3022,Oceania,2.048,-158.59
2019,Marshall Islands,3296,Oceania,5.961,169.651
2019,Nauru,2114,Oceania,-0.5287,166.9315
2019,Northern Mariana Islands,21815,Oceania,15.1905,145.7471
2019,Palau,5066,Oceania,7.5288,134.5573
2019,American Samoa,23539,Oceania,-14.3018,-170.7511
2019,Cook Islands,3491,Oceania,-21.202,-159.82
2019,French Polynesia,31205,Oceania,-17.529,-149.53
2019,Niue,588,Oceania,-19.033,-169.86
2019,Samoa,4035,Oceania,-13.6221,-172.439
2019,Tokelau,504,Oceania,-8.571,-172.48
2019,Tonga,3752,Oceania,-21.167,-175.19
2019,Tuvalu,238,Oceania,-7.4786,178.6758
2019,Wallis and Futuna,1022,Oceania,-13.2859,-176.2086
2019,Belarus,1069395,Europe,53.3292,27.9492
2019,Bulgaria,168516,Europe,42.625,24.521
2019,Czech Republic,512705,Europe,49.848,15.2812
2019,Hungary,512043,Europe,47.174,19.618
2019,Poland,655985,Europe,52.442,19.72
2019,Moldova,104713,Europe,47.524,28.444
2019,Romania,462552,Europe,45.933,25.119
2019,Russia,11640559,Europe,64.736,104.062
2019,Slovakia,187984,Europe,48.8595,19.4434
2019,Ukraine,4964293,Europe,49.364,32.132
2019,Denmark,722878,Europe,56.113,9.096
2019,Estonia,190242,Europe,58.777,25.977
2019,Faroe Islands,6454,Europe,62.1252,-7.0174
2019,Finland,383116,Europe,62.716,26.192
2019,Iceland,52404,Europe,64.826,-18.417
2019,Ireland,833564,Europe,53.214,-7.588
2019,Isle of Man,42864,Europe,54.2362,-4.5149
2019,Latvia,237266,Europe,57.017,25.0173
2019,Lithuania,117218,Europe,55.342,24.23
2019,Norway,867765,Europe,61.3701,9.3031
2019,Sweden,2005210,Europe,66.2188,19
2019,United Kingdom,9552110,Europe,52.289,-1.259
2019,Albania,49160,Europe,40.654,20.076
2019,Andorra,45102,Europe,42.5425,1.5893
2019,Bosnia and Herzegovina,35735,Europe,44.342,17.804
2019,Croatia,518083,Europe,45.754,16.385
2019,Gibraltar,11172,Europe,36.134,-5.3482
2019,Greece,1211382,Europe,39.787,21.617
2019,Italy,6273722,Europe,44.3713,11.1084
2019,Malta,84949,Europe,35.9024,14.4137
2019,Montenegro,70967,Europe,42.857,19.096
2019,Macedonia,131175,Europe,41.636,21.676
2019,Portugal,888162,Europe,40.957,-7.9373
2019,San Marino,5507,Europe,43.942,12.4611
2019,Serbia,820312,Europe,44.021,20.699
2019,Slovenia,253122,Europe,46.037,14.534
2019,Spain,6104203,Europe,40.617,-3.388
2019,Austria,1779857,Europe,47.65,14.705
2019,Belgium,1981919,Europe,50.6745,4.4588
2019,France,8334875,Europe,46.656,2.543
2019,Germany,13132146,Europe,51.3819,9.9877
2019,Liechtenstein,25467,Europe,47.1593,9.547
2019,Luxembourg,291723,Europe,49.671,6.113
2019,Monaco,26511,Europe,43.7384,7.4243
2019,Netherlands,2282791,Europe,52.1704,5.0102
2019,Switzerland,2572029,Europe,46.7794,8.0329
2019,Bermuda,19336,North America ,32.3019,-64.7737
2019,Canada,7960657,North America ,59.2067,-111.1937
2019,Greenland,5690,North America ,71,-39
2019,Saint Pierre and Miquelon,990,North America ,46.9642,-56.3267
2019,United States of America,50661149,North America ,40.0792,-98.8164